{"level":"info","message":"Redis client connected","timestamp":"2025-11-11T16:20:57.549Z"}
{"level":"info","message":"Database connected","timestamp":"2025-11-11T16:20:59.241Z"}
{"level":"info","message":"Server running on http://localhost:5000","timestamp":"2025-11-11T16:20:59.246Z"}
{"level":"error","message":"Failed to verify token: jwt expired","timestamp":"2025-11-11T16:31:00.388Z"}
{"level":"error","message":"Failed to verify token: jwt expired","timestamp":"2025-11-11T16:31:00.567Z"}
{"level":"info","message":"from refresh token req.body : {\"__stripe_mid\":\"ad6f3088-818a-48d5-a05e-3c69aaa10f5a86574e\",\"accessToken\":\"eyJhbGciOiJIUzI1NiIsInR5cCI6IkpXVCJ9.eyJpZCI6IjY4ZGExNjEwYzc0MDk4YjJhZWY3YzVmNiIsInJvbGUiOiJ1c2VyIiwiaWF0IjoxNzYyODc2MzUyLCJleHAiOjE3NjI4NzcyNTJ9.aYau59C978RfKijawoQ5yAueiZpQGqEdaEyRjFEId5c\",\"refreshToken\":\"eyJhbGciOiJIUzI1NiIsInR5cCI6IkpXVCJ9.eyJpZCI6IjY4ZGExNjEwYzc0MDk4YjJhZWY3YzVmNiIsInJvbGUiOiJ1c2VyIiwiaWF0IjoxNzYyODc2MzUyLCJleHAiOjE3NjM0ODExNTJ9.aCkCHr6RR8GTO8dGGlTVUgwpwGdJ5qFxXCXcTYwEwSA\",\"__next_hmr_refresh_hash__\":\"760\"}","timestamp":"2025-11-11T16:31:00.680Z"}
{"level":"info","message":"userId:eyJhbGciOiJIUzI1NiIsInR5cCI6IkpXVCJ9.eyJpZCI6IjY4ZGExNjEwYzc0MDk4YjJhZWY3YzVmNiIsInJvbGUiOiJ1c2VyIiwiaWF0IjoxNzYyODc2MzUyLCJleHAiOjE3NjM0ODExNTJ9.aCkCHr6RR8GTO8dGGlTVUgwpwGdJ5qFxXCXcTYwEwSA","timestamp":"2025-11-11T16:31:00.706Z"}
{"level":"info","message":"decoded :[object Object]","timestamp":"2025-11-11T16:31:00.710Z"}
{"level":"info","message":"accessToken from JWT->generateToken : eyJhbGciOiJIUzI1NiIsInR5cCI6IkpXVCJ9.eyJpZCI6IjY4ZGExNjEwYzc0MDk4YjJhZWY3YzVmNiIsInJvbGUiOiJ1c2VyIiwiaWF0IjoxNzYyODc4NjYwLCJleHAiOjE3NjI4Nzk1NjB9.I8TjuUpTXyXy4ml_na2tp3I8fUdyUwOZBhjUoBwu9I4","timestamp":"2025-11-11T16:31:00.722Z"}
{"level":"info","message":"User accessToken successfully recreated","timestamp":"2025-11-11T16:31:00.725Z"}
{"level":"info","message":"from refresh token req.body : {\"__stripe_mid\":\"ad6f3088-818a-48d5-a05e-3c69aaa10f5a86574e\",\"accessToken\":\"eyJhbGciOiJIUzI1NiIsInR5cCI6IkpXVCJ9.eyJpZCI6IjY4ZGExNjEwYzc0MDk4YjJhZWY3YzVmNiIsInJvbGUiOiJ1c2VyIiwiaWF0IjoxNzYyODc2MzUyLCJleHAiOjE3NjI4NzcyNTJ9.aYau59C978RfKijawoQ5yAueiZpQGqEdaEyRjFEId5c\",\"refreshToken\":\"eyJhbGciOiJIUzI1NiIsInR5cCI6IkpXVCJ9.eyJpZCI6IjY4ZGExNjEwYzc0MDk4YjJhZWY3YzVmNiIsInJvbGUiOiJ1c2VyIiwiaWF0IjoxNzYyODc2MzUyLCJleHAiOjE3NjM0ODExNTJ9.aCkCHr6RR8GTO8dGGlTVUgwpwGdJ5qFxXCXcTYwEwSA\",\"__next_hmr_refresh_hash__\":\"760\"}","timestamp":"2025-11-11T16:31:00.752Z"}
{"level":"info","message":"userId:eyJhbGciOiJIUzI1NiIsInR5cCI6IkpXVCJ9.eyJpZCI6IjY4ZGExNjEwYzc0MDk4YjJhZWY3YzVmNiIsInJvbGUiOiJ1c2VyIiwiaWF0IjoxNzYyODc2MzUyLCJleHAiOjE3NjM0ODExNTJ9.aCkCHr6RR8GTO8dGGlTVUgwpwGdJ5qFxXCXcTYwEwSA","timestamp":"2025-11-11T16:31:00.754Z"}
{"level":"info","message":"decoded :[object Object]","timestamp":"2025-11-11T16:31:00.757Z"}
{"level":"info","message":"accessToken from JWT->generateToken : eyJhbGciOiJIUzI1NiIsInR5cCI6IkpXVCJ9.eyJpZCI6IjY4ZGExNjEwYzc0MDk4YjJhZWY3YzVmNiIsInJvbGUiOiJ1c2VyIiwiaWF0IjoxNzYyODc4NjYwLCJleHAiOjE3NjI4Nzk1NjB9.I8TjuUpTXyXy4ml_na2tp3I8fUdyUwOZBhjUoBwu9I4","timestamp":"2025-11-11T16:31:00.766Z"}
{"level":"info","message":"User accessToken successfully recreated","timestamp":"2025-11-11T16:31:00.768Z"}
{"level":"info","message":"data that got {\n  _id: new ObjectId('68da1610c74098b2aef7c5f6'),\n  name: 'Sanju',\n  phoneNumber: 8547549650,\n  email: 'pnsanju8@gmail.com',\n  interest: [],\n  googleId: '105470324180660406891',\n  profilePicture: 'https://res.cloudinary.com/djcbn6fkv/image/upload/v1761227914/Travel-Truck-Document/fm0iuuifspcmum079rgc.jpg',\n  createdOn: 2025-09-29T05:15:51.086Z,\n  role: 'user',\n  isBlocked: false,\n  __v: 0,\n  userName: 'SAJ'\n}","timestamp":"2025-11-11T16:31:00.938Z"}
{"level":"info","message":"User profile retrieved for ID {\"_id\":\"68da1610c74098b2aef7c5f6\",\"name\":\"Sanju\",\"phoneNumber\":8547549650,\"email\":\"pnsanju8@gmail.com\",\"interest\":[],\"googleId\":\"105470324180660406891\",\"profilePicture\":\"https://res.cloudinary.com/djcbn6fkv/image/upload/v1761227914/Travel-Truck-Document/fm0iuuifspcmum079rgc.jpg\",\"createdOn\":\"2025-09-29T05:15:51.086Z\",\"role\":\"user\",\"isBlocked\":false,\"__v\":0,\"userName\":\"SAJ\"}","timestamp":"2025-11-11T16:31:00.940Z"}
{"level":"info","message":"data that got {\n  _id: new ObjectId('68da1610c74098b2aef7c5f6'),\n  name: 'Sanju',\n  phoneNumber: 8547549650,\n  email: 'pnsanju8@gmail.com',\n  interest: [],\n  googleId: '105470324180660406891',\n  profilePicture: 'https://res.cloudinary.com/djcbn6fkv/image/upload/v1761227914/Travel-Truck-Document/fm0iuuifspcmum079rgc.jpg',\n  createdOn: 2025-09-29T05:15:51.086Z,\n  role: 'user',\n  isBlocked: false,\n  __v: 0,\n  userName: 'SAJ'\n}","timestamp":"2025-11-11T16:31:01.309Z"}
{"level":"info","message":"User profile retrieved for ID {\"_id\":\"68da1610c74098b2aef7c5f6\",\"name\":\"Sanju\",\"phoneNumber\":8547549650,\"email\":\"pnsanju8@gmail.com\",\"interest\":[],\"googleId\":\"105470324180660406891\",\"profilePicture\":\"https://res.cloudinary.com/djcbn6fkv/image/upload/v1761227914/Travel-Truck-Document/fm0iuuifspcmum079rgc.jpg\",\"createdOn\":\"2025-09-29T05:15:51.086Z\",\"role\":\"user\",\"isBlocked\":false,\"__v\":0,\"userName\":\"SAJ\"}","timestamp":"2025-11-11T16:31:01.313Z"}
{"level":"info","message":"data that got {\n  _id: new ObjectId('68da1610c74098b2aef7c5f6'),\n  name: 'Sanju',\n  phoneNumber: 8547549650,\n  email: 'pnsanju8@gmail.com',\n  interest: [],\n  googleId: '105470324180660406891',\n  profilePicture: 'https://res.cloudinary.com/djcbn6fkv/image/upload/v1761227914/Travel-Truck-Document/fm0iuuifspcmum079rgc.jpg',\n  createdOn: 2025-09-29T05:15:51.086Z,\n  role: 'user',\n  isBlocked: false,\n  __v: 0,\n  userName: 'SAJ'\n}","timestamp":"2025-11-11T16:31:56.987Z"}
{"level":"info","message":"User profile retrieved for ID {\"_id\":\"68da1610c74098b2aef7c5f6\",\"name\":\"Sanju\",\"phoneNumber\":8547549650,\"email\":\"pnsanju8@gmail.com\",\"interest\":[],\"googleId\":\"105470324180660406891\",\"profilePicture\":\"https://res.cloudinary.com/djcbn6fkv/image/upload/v1761227914/Travel-Truck-Document/fm0iuuifspcmum079rgc.jpg\",\"createdOn\":\"2025-09-29T05:15:51.086Z\",\"role\":\"user\",\"isBlocked\":false,\"__v\":0,\"userName\":\"SAJ\"}","timestamp":"2025-11-11T16:31:56.989Z"}
{"level":"info","message":"data that got {\n  _id: new ObjectId('68da1610c74098b2aef7c5f6'),\n  name: 'Sanju',\n  phoneNumber: 8547549650,\n  email: 'pnsanju8@gmail.com',\n  interest: [],\n  googleId: '105470324180660406891',\n  profilePicture: 'https://res.cloudinary.com/djcbn6fkv/image/upload/v1761227914/Travel-Truck-Document/fm0iuuifspcmum079rgc.jpg',\n  createdOn: 2025-09-29T05:15:51.086Z,\n  role: 'user',\n  isBlocked: false,\n  __v: 0,\n  userName: 'SAJ'\n}","timestamp":"2025-11-11T16:31:57.087Z"}
{"level":"info","message":"User profile retrieved for ID {\"_id\":\"68da1610c74098b2aef7c5f6\",\"name\":\"Sanju\",\"phoneNumber\":8547549650,\"email\":\"pnsanju8@gmail.com\",\"interest\":[],\"googleId\":\"105470324180660406891\",\"profilePicture\":\"https://res.cloudinary.com/djcbn6fkv/image/upload/v1761227914/Travel-Truck-Document/fm0iuuifspcmum079rgc.jpg\",\"createdOn\":\"2025-09-29T05:15:51.086Z\",\"role\":\"user\",\"isBlocked\":false,\"__v\":0,\"userName\":\"SAJ\"}","timestamp":"2025-11-11T16:31:57.089Z"}
{"level":"error","message":"Failed to verify token: jwt expired","timestamp":"2025-11-11T17:12:56.431Z"}
{"level":"error","message":"Failed to verify token: jwt expired","timestamp":"2025-11-11T17:12:56.681Z"}
{"level":"info","message":"from refresh token req.body : {\"__stripe_mid\":\"ad6f3088-818a-48d5-a05e-3c69aaa10f5a86574e\",\"accessToken\":\"eyJhbGciOiJIUzI1NiIsInR5cCI6IkpXVCJ9.eyJpZCI6IjY4ZGExNjEwYzc0MDk4YjJhZWY3YzVmNiIsInJvbGUiOiJ1c2VyIiwiaWF0IjoxNzYyODc4NjYwLCJleHAiOjE3NjI4Nzk1NjB9.I8TjuUpTXyXy4ml_na2tp3I8fUdyUwOZBhjUoBwu9I4\",\"refreshToken\":\"eyJhbGciOiJIUzI1NiIsInR5cCI6IkpXVCJ9.eyJpZCI6IjY4ZGExNjEwYzc0MDk4YjJhZWY3YzVmNiIsInJvbGUiOiJ1c2VyIiwiaWF0IjoxNzYyODc4NjYwLCJleHAiOjE3NjM0ODM0NjB9.AHnjk00RQkC8SdaZPA5sRB9042yw1d_x9wohQSKA_zI\",\"__next_hmr_refresh_hash__\":\"791\"}","timestamp":"2025-11-11T17:12:56.711Z"}
{"level":"info","message":"userId:eyJhbGciOiJIUzI1NiIsInR5cCI6IkpXVCJ9.eyJpZCI6IjY4ZGExNjEwYzc0MDk4YjJhZWY3YzVmNiIsInJvbGUiOiJ1c2VyIiwiaWF0IjoxNzYyODc4NjYwLCJleHAiOjE3NjM0ODM0NjB9.AHnjk00RQkC8SdaZPA5sRB9042yw1d_x9wohQSKA_zI","timestamp":"2025-11-11T17:12:56.736Z"}
{"level":"error","message":"--- Error Handler ---","timestamp":"2025-11-11T17:12:56.770Z"}
{"level":"error","message":"Name:","timestamp":"2025-11-11T17:12:56.773Z"}
{"level":"info","message":"invalid signature","name":"JsonWebTokenError","timestamp":"2025-11-11T17:12:56.775Z"}
{"level":"error","message":"Message:","timestamp":"2025-11-11T17:12:56.781Z"}
{"level":"error","message":"Stack:","timestamp":"2025-11-11T17:12:56.787Z"}
{"level":"error","message":"----------------------","timestamp":"2025-11-11T17:12:56.787Z"}
{"level":"info","message":"from refresh token req.body : {\"__stripe_mid\":\"ad6f3088-818a-48d5-a05e-3c69aaa10f5a86574e\",\"accessToken\":\"eyJhbGciOiJIUzI1NiIsInR5cCI6IkpXVCJ9.eyJpZCI6IjY4ZGExNjEwYzc0MDk4YjJhZWY3YzVmNiIsInJvbGUiOiJ1c2VyIiwiaWF0IjoxNzYyODc4NjYwLCJleHAiOjE3NjI4Nzk1NjB9.I8TjuUpTXyXy4ml_na2tp3I8fUdyUwOZBhjUoBwu9I4\",\"refreshToken\":\"eyJhbGciOiJIUzI1NiIsInR5cCI6IkpXVCJ9.eyJpZCI6IjY4ZGExNjEwYzc0MDk4YjJhZWY3YzVmNiIsInJvbGUiOiJ1c2VyIiwiaWF0IjoxNzYyODc4NjYwLCJleHAiOjE3NjM0ODM0NjB9.AHnjk00RQkC8SdaZPA5sRB9042yw1d_x9wohQSKA_zI\",\"__next_hmr_refresh_hash__\":\"791\"}","timestamp":"2025-11-11T17:12:56.820Z"}
{"level":"info","message":"userId:eyJhbGciOiJIUzI1NiIsInR5cCI6IkpXVCJ9.eyJpZCI6IjY4ZGExNjEwYzc0MDk4YjJhZWY3YzVmNiIsInJvbGUiOiJ1c2VyIiwiaWF0IjoxNzYyODc4NjYwLCJleHAiOjE3NjM0ODM0NjB9.AHnjk00RQkC8SdaZPA5sRB9042yw1d_x9wohQSKA_zI","timestamp":"2025-11-11T17:12:56.824Z"}
{"level":"error","message":"--- Error Handler ---","timestamp":"2025-11-11T17:12:56.832Z"}
{"level":"error","message":"Name:","timestamp":"2025-11-11T17:12:56.834Z"}
{"level":"info","message":"invalid signature","name":"JsonWebTokenError","timestamp":"2025-11-11T17:12:56.839Z"}
{"level":"error","message":"Message:","timestamp":"2025-11-11T17:12:56.840Z"}
{"level":"error","message":"Stack:","timestamp":"2025-11-11T17:12:56.844Z"}
{"level":"error","message":"----------------------","timestamp":"2025-11-11T17:12:56.847Z"}
{"level":"info","message":[{"availableFoods":["sadfasdf","asdfsadf","asdfasdf"],"description":"sfg gsadf gsdfgsdfg ","discoveries":[],"duration":"1 day","id":"69118556f5e2c062368a9590","images":["https://res.cloudinary.com/djcbn6fkv/image/upload/v1762763343/Travel-Truck-Vendor-Document/llnwjaeynrhexj0uivdc.jpg"],"itinerary":[{"_id":"69118556f5e2c062368a9591","activities":["asdf","asdfsaf"],"day":1,"title":"sdf"},{"_id":"69118556f5e2c062368a9592","activities":["sadfadsf","asdfsdf"],"day":2,"title":"asdfsda"}],"price":234234,"title":"dasf"}],"timestamp":"2025-11-11T17:13:00.516Z"}
{"level":"error","message":"Failed to verify token: jwt expired","timestamp":"2025-11-11T17:13:00.566Z"}
{"level":"error","message":"Failed to verify token: jwt expired","timestamp":"2025-11-11T17:13:00.571Z"}
{"level":"info","message":"from refresh token req.body : {\"__stripe_mid\":\"ad6f3088-818a-48d5-a05e-3c69aaa10f5a86574e\",\"accessToken\":\"eyJhbGciOiJIUzI1NiIsInR5cCI6IkpXVCJ9.eyJpZCI6IjY4ZGExNjEwYzc0MDk4YjJhZWY3YzVmNiIsInJvbGUiOiJ1c2VyIiwiaWF0IjoxNzYyODc4NjYwLCJleHAiOjE3NjI4Nzk1NjB9.I8TjuUpTXyXy4ml_na2tp3I8fUdyUwOZBhjUoBwu9I4\",\"refreshToken\":\"eyJhbGciOiJIUzI1NiIsInR5cCI6IkpXVCJ9.eyJpZCI6IjY4ZGExNjEwYzc0MDk4YjJhZWY3YzVmNiIsInJvbGUiOiJ1c2VyIiwiaWF0IjoxNzYyODc4NjYwLCJleHAiOjE3NjM0ODM0NjB9.AHnjk00RQkC8SdaZPA5sRB9042yw1d_x9wohQSKA_zI\",\"__next_hmr_refresh_hash__\":\"791\"}","timestamp":"2025-11-11T17:13:00.577Z"}
{"level":"info","message":"userId:eyJhbGciOiJIUzI1NiIsInR5cCI6IkpXVCJ9.eyJpZCI6IjY4ZGExNjEwYzc0MDk4YjJhZWY3YzVmNiIsInJvbGUiOiJ1c2VyIiwiaWF0IjoxNzYyODc4NjYwLCJleHAiOjE3NjM0ODM0NjB9.AHnjk00RQkC8SdaZPA5sRB9042yw1d_x9wohQSKA_zI","timestamp":"2025-11-11T17:13:00.585Z"}
{"level":"error","message":"--- Error Handler ---","timestamp":"2025-11-11T17:13:00.589Z"}
{"level":"error","message":"Name:","timestamp":"2025-11-11T17:13:00.590Z"}
{"level":"info","message":"invalid signature","name":"JsonWebTokenError","timestamp":"2025-11-11T17:13:00.591Z"}
{"level":"error","message":"Message:","timestamp":"2025-11-11T17:13:00.591Z"}
{"level":"error","message":"Stack:","timestamp":"2025-11-11T17:13:00.598Z"}
{"level":"error","message":"----------------------","timestamp":"2025-11-11T17:13:00.599Z"}
{"level":"info","message":"from refresh token req.body : {\"__stripe_mid\":\"ad6f3088-818a-48d5-a05e-3c69aaa10f5a86574e\",\"accessToken\":\"eyJhbGciOiJIUzI1NiIsInR5cCI6IkpXVCJ9.eyJpZCI6IjY4ZGExNjEwYzc0MDk4YjJhZWY3YzVmNiIsInJvbGUiOiJ1c2VyIiwiaWF0IjoxNzYyODc4NjYwLCJleHAiOjE3NjI4Nzk1NjB9.I8TjuUpTXyXy4ml_na2tp3I8fUdyUwOZBhjUoBwu9I4\",\"refreshToken\":\"eyJhbGciOiJIUzI1NiIsInR5cCI6IkpXVCJ9.eyJpZCI6IjY4ZGExNjEwYzc0MDk4YjJhZWY3YzVmNiIsInJvbGUiOiJ1c2VyIiwiaWF0IjoxNzYyODc4NjYwLCJleHAiOjE3NjM0ODM0NjB9.AHnjk00RQkC8SdaZPA5sRB9042yw1d_x9wohQSKA_zI\",\"__next_hmr_refresh_hash__\":\"791\"}","timestamp":"2025-11-11T17:13:00.603Z"}
{"level":"info","message":"userId:eyJhbGciOiJIUzI1NiIsInR5cCI6IkpXVCJ9.eyJpZCI6IjY4ZGExNjEwYzc0MDk4YjJhZWY3YzVmNiIsInJvbGUiOiJ1c2VyIiwiaWF0IjoxNzYyODc4NjYwLCJleHAiOjE3NjM0ODM0NjB9.AHnjk00RQkC8SdaZPA5sRB9042yw1d_x9wohQSKA_zI","timestamp":"2025-11-11T17:13:00.605Z"}
{"level":"error","message":"--- Error Handler ---","timestamp":"2025-11-11T17:13:00.616Z"}
{"level":"error","message":"Name:","timestamp":"2025-11-11T17:13:00.619Z"}
{"level":"info","message":"invalid signature","name":"JsonWebTokenError","timestamp":"2025-11-11T17:13:00.621Z"}
{"level":"error","message":"Message:","timestamp":"2025-11-11T17:13:00.624Z"}
{"level":"error","message":"Stack:","timestamp":"2025-11-11T17:13:00.625Z"}
{"level":"error","message":"----------------------","timestamp":"2025-11-11T17:13:00.625Z"}
{"level":"info","message":[{"availableFoods":["sadfasdf","asdfsadf","asdfasdf"],"description":"sfg gsadf gsdfgsdfg ","discoveries":[],"duration":"1 day","id":"69118556f5e2c062368a9590","images":["https://res.cloudinary.com/djcbn6fkv/image/upload/v1762763343/Travel-Truck-Vendor-Document/llnwjaeynrhexj0uivdc.jpg"],"itinerary":[{"_id":"69118556f5e2c062368a9591","activities":["asdf","asdfsaf"],"day":1,"title":"sdf"},{"_id":"69118556f5e2c062368a9592","activities":["sadfadsf","asdfsdf"],"day":2,"title":"asdfsda"}],"price":234234,"title":"dasf"}],"timestamp":"2025-11-11T17:13:00.646Z"}
{"level":"info","message":[{"availableFoods":["sadfasdf","asdfsadf","asdfasdf"],"description":"sfg gsadf gsdfgsdfg ","discoveries":[],"duration":"1 day","id":"69118556f5e2c062368a9590","images":["https://res.cloudinary.com/djcbn6fkv/image/upload/v1762763343/Travel-Truck-Vendor-Document/llnwjaeynrhexj0uivdc.jpg"],"itinerary":[{"_id":"69118556f5e2c062368a9591","activities":["asdf","asdfsaf"],"day":1,"title":"sdf"},{"_id":"69118556f5e2c062368a9592","activities":["sadfadsf","asdfsdf"],"day":2,"title":"asdfsda"}],"price":234234,"title":"dasf"}],"timestamp":"2025-11-11T17:13:01.772Z"}
{"level":"error","message":"Failed to verify token: jwt expired","timestamp":"2025-11-11T17:13:01.793Z"}
{"level":"error","message":"Failed to verify token: jwt expired","timestamp":"2025-11-11T17:13:01.803Z"}
{"level":"info","message":"from refresh token req.body : {\"__stripe_mid\":\"ad6f3088-818a-48d5-a05e-3c69aaa10f5a86574e\",\"accessToken\":\"eyJhbGciOiJIUzI1NiIsInR5cCI6IkpXVCJ9.eyJpZCI6IjY4ZGExNjEwYzc0MDk4YjJhZWY3YzVmNiIsInJvbGUiOiJ1c2VyIiwiaWF0IjoxNzYyODc4NjYwLCJleHAiOjE3NjI4Nzk1NjB9.I8TjuUpTXyXy4ml_na2tp3I8fUdyUwOZBhjUoBwu9I4\",\"refreshToken\":\"eyJhbGciOiJIUzI1NiIsInR5cCI6IkpXVCJ9.eyJpZCI6IjY4ZGExNjEwYzc0MDk4YjJhZWY3YzVmNiIsInJvbGUiOiJ1c2VyIiwiaWF0IjoxNzYyODc4NjYwLCJleHAiOjE3NjM0ODM0NjB9.AHnjk00RQkC8SdaZPA5sRB9042yw1d_x9wohQSKA_zI\",\"__next_hmr_refresh_hash__\":\"791\"}","timestamp":"2025-11-11T17:13:01.810Z"}
{"level":"info","message":"userId:eyJhbGciOiJIUzI1NiIsInR5cCI6IkpXVCJ9.eyJpZCI6IjY4ZGExNjEwYzc0MDk4YjJhZWY3YzVmNiIsInJvbGUiOiJ1c2VyIiwiaWF0IjoxNzYyODc4NjYwLCJleHAiOjE3NjM0ODM0NjB9.AHnjk00RQkC8SdaZPA5sRB9042yw1d_x9wohQSKA_zI","timestamp":"2025-11-11T17:13:01.815Z"}
{"level":"error","message":"--- Error Handler ---","timestamp":"2025-11-11T17:13:01.819Z"}
{"level":"error","message":"Name:","timestamp":"2025-11-11T17:13:01.819Z"}
{"level":"info","message":"invalid signature","name":"JsonWebTokenError","timestamp":"2025-11-11T17:13:01.820Z"}
{"level":"error","message":"Message:","timestamp":"2025-11-11T17:13:01.821Z"}
{"level":"error","message":"Stack:","timestamp":"2025-11-11T17:13:01.822Z"}
{"level":"error","message":"----------------------","timestamp":"2025-11-11T17:13:01.823Z"}
{"level":"info","message":"from refresh token req.body : {\"__stripe_mid\":\"ad6f3088-818a-48d5-a05e-3c69aaa10f5a86574e\",\"accessToken\":\"eyJhbGciOiJIUzI1NiIsInR5cCI6IkpXVCJ9.eyJpZCI6IjY4ZGExNjEwYzc0MDk4YjJhZWY3YzVmNiIsInJvbGUiOiJ1c2VyIiwiaWF0IjoxNzYyODc4NjYwLCJleHAiOjE3NjI4Nzk1NjB9.I8TjuUpTXyXy4ml_na2tp3I8fUdyUwOZBhjUoBwu9I4\",\"refreshToken\":\"eyJhbGciOiJIUzI1NiIsInR5cCI6IkpXVCJ9.eyJpZCI6IjY4ZGExNjEwYzc0MDk4YjJhZWY3YzVmNiIsInJvbGUiOiJ1c2VyIiwiaWF0IjoxNzYyODc4NjYwLCJleHAiOjE3NjM0ODM0NjB9.AHnjk00RQkC8SdaZPA5sRB9042yw1d_x9wohQSKA_zI\",\"__next_hmr_refresh_hash__\":\"791\"}","timestamp":"2025-11-11T17:13:01.826Z"}
{"level":"info","message":"userId:eyJhbGciOiJIUzI1NiIsInR5cCI6IkpXVCJ9.eyJpZCI6IjY4ZGExNjEwYzc0MDk4YjJhZWY3YzVmNiIsInJvbGUiOiJ1c2VyIiwiaWF0IjoxNzYyODc4NjYwLCJleHAiOjE3NjM0ODM0NjB9.AHnjk00RQkC8SdaZPA5sRB9042yw1d_x9wohQSKA_zI","timestamp":"2025-11-11T17:13:01.829Z"}
{"level":"error","message":"--- Error Handler ---","timestamp":"2025-11-11T17:13:01.832Z"}
{"level":"error","message":"Name:","timestamp":"2025-11-11T17:13:01.833Z"}
{"level":"info","message":"invalid signature","name":"JsonWebTokenError","timestamp":"2025-11-11T17:13:01.834Z"}
{"level":"error","message":"Message:","timestamp":"2025-11-11T17:13:01.835Z"}
{"level":"error","message":"Stack:","timestamp":"2025-11-11T17:13:01.836Z"}
{"level":"error","message":"----------------------","timestamp":"2025-11-11T17:13:01.837Z"}
{"level":"info","message":[{"availableFoods":["sadfasdf","asdfsadf","asdfasdf"],"description":"sfg gsadf gsdfgsdfg ","discoveries":[],"duration":"1 day","id":"69118556f5e2c062368a9590","images":["https://res.cloudinary.com/djcbn6fkv/image/upload/v1762763343/Travel-Truck-Vendor-Document/llnwjaeynrhexj0uivdc.jpg"],"itinerary":[{"_id":"69118556f5e2c062368a9591","activities":["asdf","asdfsaf"],"day":1,"title":"sdf"},{"_id":"69118556f5e2c062368a9592","activities":["sadfadsf","asdfsdf"],"day":2,"title":"asdfsda"}],"price":234234,"title":"dasf"}],"timestamp":"2025-11-11T17:13:01.840Z"}
{"level":"info","message":[{"availableFoods":["sadfasdf","asdfsadf","asdfasdf"],"description":"sfg gsadf gsdfgsdfg ","discoveries":[],"duration":"1 day","id":"69118556f5e2c062368a9590","images":["https://res.cloudinary.com/djcbn6fkv/image/upload/v1762763343/Travel-Truck-Vendor-Document/llnwjaeynrhexj0uivdc.jpg"],"itinerary":[{"_id":"69118556f5e2c062368a9591","activities":["asdf","asdfsaf"],"day":1,"title":"sdf"},{"_id":"69118556f5e2c062368a9592","activities":["sadfadsf","asdfsdf"],"day":2,"title":"asdfsda"}],"price":234234,"title":"dasf"}],"timestamp":"2025-11-11T17:13:02.852Z"}
{"level":"error","message":"Failed to verify token: jwt expired","timestamp":"2025-11-11T17:13:02.875Z"}
{"level":"error","message":"Failed to verify token: jwt expired","timestamp":"2025-11-11T17:13:02.885Z"}
{"level":"info","message":"from refresh token req.body : {\"__stripe_mid\":\"ad6f3088-818a-48d5-a05e-3c69aaa10f5a86574e\",\"accessToken\":\"eyJhbGciOiJIUzI1NiIsInR5cCI6IkpXVCJ9.eyJpZCI6IjY4ZGExNjEwYzc0MDk4YjJhZWY3YzVmNiIsInJvbGUiOiJ1c2VyIiwiaWF0IjoxNzYyODc4NjYwLCJleHAiOjE3NjI4Nzk1NjB9.I8TjuUpTXyXy4ml_na2tp3I8fUdyUwOZBhjUoBwu9I4\",\"refreshToken\":\"eyJhbGciOiJIUzI1NiIsInR5cCI6IkpXVCJ9.eyJpZCI6IjY4ZGExNjEwYzc0MDk4YjJhZWY3YzVmNiIsInJvbGUiOiJ1c2VyIiwiaWF0IjoxNzYyODc4NjYwLCJleHAiOjE3NjM0ODM0NjB9.AHnjk00RQkC8SdaZPA5sRB9042yw1d_x9wohQSKA_zI\",\"__next_hmr_refresh_hash__\":\"791\"}","timestamp":"2025-11-11T17:13:02.905Z"}
{"level":"info","message":"userId:eyJhbGciOiJIUzI1NiIsInR5cCI6IkpXVCJ9.eyJpZCI6IjY4ZGExNjEwYzc0MDk4YjJhZWY3YzVmNiIsInJvbGUiOiJ1c2VyIiwiaWF0IjoxNzYyODc4NjYwLCJleHAiOjE3NjM0ODM0NjB9.AHnjk00RQkC8SdaZPA5sRB9042yw1d_x9wohQSKA_zI","timestamp":"2025-11-11T17:13:02.909Z"}
{"level":"error","message":"--- Error Handler ---","timestamp":"2025-11-11T17:13:02.921Z"}
{"level":"error","message":"Name:","timestamp":"2025-11-11T17:13:02.924Z"}
{"level":"info","message":"invalid signature","name":"JsonWebTokenError","timestamp":"2025-11-11T17:13:02.931Z"}
{"level":"error","message":"Message:","timestamp":"2025-11-11T17:13:02.937Z"}
{"level":"error","message":"Stack:","timestamp":"2025-11-11T17:13:02.939Z"}
{"level":"error","message":"----------------------","timestamp":"2025-11-11T17:13:02.940Z"}
{"level":"info","message":"from refresh token req.body : {\"__stripe_mid\":\"ad6f3088-818a-48d5-a05e-3c69aaa10f5a86574e\",\"accessToken\":\"eyJhbGciOiJIUzI1NiIsInR5cCI6IkpXVCJ9.eyJpZCI6IjY4ZGExNjEwYzc0MDk4YjJhZWY3YzVmNiIsInJvbGUiOiJ1c2VyIiwiaWF0IjoxNzYyODc4NjYwLCJleHAiOjE3NjI4Nzk1NjB9.I8TjuUpTXyXy4ml_na2tp3I8fUdyUwOZBhjUoBwu9I4\",\"refreshToken\":\"eyJhbGciOiJIUzI1NiIsInR5cCI6IkpXVCJ9.eyJpZCI6IjY4ZGExNjEwYzc0MDk4YjJhZWY3YzVmNiIsInJvbGUiOiJ1c2VyIiwiaWF0IjoxNzYyODc4NjYwLCJleHAiOjE3NjM0ODM0NjB9.AHnjk00RQkC8SdaZPA5sRB9042yw1d_x9wohQSKA_zI\",\"__next_hmr_refresh_hash__\":\"791\"}","timestamp":"2025-11-11T17:13:02.952Z"}
{"level":"info","message":"userId:eyJhbGciOiJIUzI1NiIsInR5cCI6IkpXVCJ9.eyJpZCI6IjY4ZGExNjEwYzc0MDk4YjJhZWY3YzVmNiIsInJvbGUiOiJ1c2VyIiwiaWF0IjoxNzYyODc4NjYwLCJleHAiOjE3NjM0ODM0NjB9.AHnjk00RQkC8SdaZPA5sRB9042yw1d_x9wohQSKA_zI","timestamp":"2025-11-11T17:13:02.956Z"}
{"level":"error","message":"--- Error Handler ---","timestamp":"2025-11-11T17:13:02.970Z"}
{"level":"error","message":"Name:","timestamp":"2025-11-11T17:13:02.973Z"}
{"level":"info","message":"invalid signature","name":"JsonWebTokenError","timestamp":"2025-11-11T17:13:02.974Z"}
{"level":"error","message":"Message:","timestamp":"2025-11-11T17:13:02.975Z"}
{"level":"error","message":"Stack:","timestamp":"2025-11-11T17:13:02.989Z"}
{"level":"error","message":"----------------------","timestamp":"2025-11-11T17:13:02.992Z"}
{"level":"info","message":[{"availableFoods":["sadfasdf","asdfsadf","asdfasdf"],"description":"sfg gsadf gsdfgsdfg ","discoveries":[],"duration":"1 day","id":"69118556f5e2c062368a9590","images":["https://res.cloudinary.com/djcbn6fkv/image/upload/v1762763343/Travel-Truck-Vendor-Document/llnwjaeynrhexj0uivdc.jpg"],"itinerary":[{"_id":"69118556f5e2c062368a9591","activities":["asdf","asdfsaf"],"day":1,"title":"sdf"},{"_id":"69118556f5e2c062368a9592","activities":["sadfadsf","asdfsdf"],"day":2,"title":"asdfsda"}],"price":234234,"title":"dasf"}],"timestamp":"2025-11-11T17:13:03.017Z"}
{"level":"info","message":[{"availableFoods":["sadfasdf","asdfsadf","asdfasdf"],"description":"sfg gsadf gsdfgsdfg ","discoveries":[],"duration":"1 day","id":"69118556f5e2c062368a9590","images":["https://res.cloudinary.com/djcbn6fkv/image/upload/v1762763343/Travel-Truck-Vendor-Document/llnwjaeynrhexj0uivdc.jpg"],"itinerary":[{"_id":"69118556f5e2c062368a9591","activities":["asdf","asdfsaf"],"day":1,"title":"sdf"},{"_id":"69118556f5e2c062368a9592","activities":["sadfadsf","asdfsdf"],"day":2,"title":"asdfsda"}],"price":234234,"title":"dasf"}],"timestamp":"2025-11-11T17:13:04.502Z"}
{"level":"error","message":"Failed to verify token: jwt expired","timestamp":"2025-11-11T17:13:04.524Z"}
{"level":"error","message":"Failed to verify token: jwt expired","timestamp":"2025-11-11T17:13:04.535Z"}
{"level":"info","message":"from refresh token req.body : {\"__stripe_mid\":\"ad6f3088-818a-48d5-a05e-3c69aaa10f5a86574e\",\"accessToken\":\"eyJhbGciOiJIUzI1NiIsInR5cCI6IkpXVCJ9.eyJpZCI6IjY4ZGExNjEwYzc0MDk4YjJhZWY3YzVmNiIsInJvbGUiOiJ1c2VyIiwiaWF0IjoxNzYyODc4NjYwLCJleHAiOjE3NjI4Nzk1NjB9.I8TjuUpTXyXy4ml_na2tp3I8fUdyUwOZBhjUoBwu9I4\",\"refreshToken\":\"eyJhbGciOiJIUzI1NiIsInR5cCI6IkpXVCJ9.eyJpZCI6IjY4ZGExNjEwYzc0MDk4YjJhZWY3YzVmNiIsInJvbGUiOiJ1c2VyIiwiaWF0IjoxNzYyODc4NjYwLCJleHAiOjE3NjM0ODM0NjB9.AHnjk00RQkC8SdaZPA5sRB9042yw1d_x9wohQSKA_zI\",\"__next_hmr_refresh_hash__\":\"791\"}","timestamp":"2025-11-11T17:13:04.541Z"}
{"level":"info","message":"userId:eyJhbGciOiJIUzI1NiIsInR5cCI6IkpXVCJ9.eyJpZCI6IjY4ZGExNjEwYzc0MDk4YjJhZWY3YzVmNiIsInJvbGUiOiJ1c2VyIiwiaWF0IjoxNzYyODc4NjYwLCJleHAiOjE3NjM0ODM0NjB9.AHnjk00RQkC8SdaZPA5sRB9042yw1d_x9wohQSKA_zI","timestamp":"2025-11-11T17:13:04.558Z"}
{"level":"error","message":"--- Error Handler ---","timestamp":"2025-11-11T17:13:04.562Z"}
{"level":"error","message":"Name:","timestamp":"2025-11-11T17:13:04.564Z"}
{"level":"info","message":"invalid signature","name":"JsonWebTokenError","timestamp":"2025-11-11T17:13:04.565Z"}
{"level":"error","message":"Message:","timestamp":"2025-11-11T17:13:04.565Z"}
{"level":"error","message":"Stack:","timestamp":"2025-11-11T17:13:04.566Z"}
{"level":"error","message":"----------------------","timestamp":"2025-11-11T17:13:04.566Z"}
{"level":"info","message":"from refresh token req.body : {\"__stripe_mid\":\"ad6f3088-818a-48d5-a05e-3c69aaa10f5a86574e\",\"accessToken\":\"eyJhbGciOiJIUzI1NiIsInR5cCI6IkpXVCJ9.eyJpZCI6IjY4ZGExNjEwYzc0MDk4YjJhZWY3YzVmNiIsInJvbGUiOiJ1c2VyIiwiaWF0IjoxNzYyODc4NjYwLCJleHAiOjE3NjI4Nzk1NjB9.I8TjuUpTXyXy4ml_na2tp3I8fUdyUwOZBhjUoBwu9I4\",\"refreshToken\":\"eyJhbGciOiJIUzI1NiIsInR5cCI6IkpXVCJ9.eyJpZCI6IjY4ZGExNjEwYzc0MDk4YjJhZWY3YzVmNiIsInJvbGUiOiJ1c2VyIiwiaWF0IjoxNzYyODc4NjYwLCJleHAiOjE3NjM0ODM0NjB9.AHnjk00RQkC8SdaZPA5sRB9042yw1d_x9wohQSKA_zI\",\"__next_hmr_refresh_hash__\":\"791\"}","timestamp":"2025-11-11T17:13:04.575Z"}
{"level":"info","message":"userId:eyJhbGciOiJIUzI1NiIsInR5cCI6IkpXVCJ9.eyJpZCI6IjY4ZGExNjEwYzc0MDk4YjJhZWY3YzVmNiIsInJvbGUiOiJ1c2VyIiwiaWF0IjoxNzYyODc4NjYwLCJleHAiOjE3NjM0ODM0NjB9.AHnjk00RQkC8SdaZPA5sRB9042yw1d_x9wohQSKA_zI","timestamp":"2025-11-11T17:13:04.577Z"}
{"level":"error","message":"--- Error Handler ---","timestamp":"2025-11-11T17:13:04.579Z"}
{"level":"error","message":"Name:","timestamp":"2025-11-11T17:13:04.580Z"}
{"level":"info","message":"invalid signature","name":"JsonWebTokenError","timestamp":"2025-11-11T17:13:04.580Z"}
{"level":"error","message":"Message:","timestamp":"2025-11-11T17:13:04.581Z"}
{"level":"error","message":"Stack:","timestamp":"2025-11-11T17:13:04.583Z"}
{"level":"error","message":"----------------------","timestamp":"2025-11-11T17:13:04.590Z"}
{"level":"info","message":[{"availableFoods":["sadfasdf","asdfsadf","asdfasdf"],"description":"sfg gsadf gsdfgsdfg ","discoveries":[],"duration":"1 day","id":"69118556f5e2c062368a9590","images":["https://res.cloudinary.com/djcbn6fkv/image/upload/v1762763343/Travel-Truck-Vendor-Document/llnwjaeynrhexj0uivdc.jpg"],"itinerary":[{"_id":"69118556f5e2c062368a9591","activities":["asdf","asdfsaf"],"day":1,"title":"sdf"},{"_id":"69118556f5e2c062368a9592","activities":["sadfadsf","asdfsdf"],"day":2,"title":"asdfsda"}],"price":234234,"title":"dasf"}],"timestamp":"2025-11-11T17:13:04.604Z"}
{"level":"info","message":[{"availableFoods":["sadfasdf","asdfsadf","asdfasdf"],"description":"sfg gsadf gsdfgsdfg ","discoveries":[],"duration":"1 day","id":"69118556f5e2c062368a9590","images":["https://res.cloudinary.com/djcbn6fkv/image/upload/v1762763343/Travel-Truck-Vendor-Document/llnwjaeynrhexj0uivdc.jpg"],"itinerary":[{"_id":"69118556f5e2c062368a9591","activities":["asdf","asdfsaf"],"day":1,"title":"sdf"},{"_id":"69118556f5e2c062368a9592","activities":["sadfadsf","asdfsdf"],"day":2,"title":"asdfsda"}],"price":234234,"title":"dasf"}],"timestamp":"2025-11-11T17:13:05.585Z"}
{"level":"error","message":"Failed to verify token: jwt expired","timestamp":"2025-11-11T17:13:05.618Z"}
{"level":"error","message":"Failed to verify token: jwt expired","timestamp":"2025-11-11T17:13:05.624Z"}
{"level":"info","message":"from refresh token req.body : {\"__stripe_mid\":\"ad6f3088-818a-48d5-a05e-3c69aaa10f5a86574e\",\"accessToken\":\"eyJhbGciOiJIUzI1NiIsInR5cCI6IkpXVCJ9.eyJpZCI6IjY4ZGExNjEwYzc0MDk4YjJhZWY3YzVmNiIsInJvbGUiOiJ1c2VyIiwiaWF0IjoxNzYyODc4NjYwLCJleHAiOjE3NjI4Nzk1NjB9.I8TjuUpTXyXy4ml_na2tp3I8fUdyUwOZBhjUoBwu9I4\",\"refreshToken\":\"eyJhbGciOiJIUzI1NiIsInR5cCI6IkpXVCJ9.eyJpZCI6IjY4ZGExNjEwYzc0MDk4YjJhZWY3YzVmNiIsInJvbGUiOiJ1c2VyIiwiaWF0IjoxNzYyODc4NjYwLCJleHAiOjE3NjM0ODM0NjB9.AHnjk00RQkC8SdaZPA5sRB9042yw1d_x9wohQSKA_zI\",\"__next_hmr_refresh_hash__\":\"791\"}","timestamp":"2025-11-11T17:13:05.632Z"}
{"level":"info","message":"userId:eyJhbGciOiJIUzI1NiIsInR5cCI6IkpXVCJ9.eyJpZCI6IjY4ZGExNjEwYzc0MDk4YjJhZWY3YzVmNiIsInJvbGUiOiJ1c2VyIiwiaWF0IjoxNzYyODc4NjYwLCJleHAiOjE3NjM0ODM0NjB9.AHnjk00RQkC8SdaZPA5sRB9042yw1d_x9wohQSKA_zI","timestamp":"2025-11-11T17:13:05.634Z"}
{"level":"error","message":"--- Error Handler ---","timestamp":"2025-11-11T17:13:05.638Z"}
{"level":"error","message":"Name:","timestamp":"2025-11-11T17:13:05.639Z"}
{"level":"info","message":"invalid signature","name":"JsonWebTokenError","timestamp":"2025-11-11T17:13:05.639Z"}
{"level":"error","message":"Message:","timestamp":"2025-11-11T17:13:05.640Z"}
{"level":"error","message":"Stack:","timestamp":"2025-11-11T17:13:05.640Z"}
{"level":"error","message":"----------------------","timestamp":"2025-11-11T17:13:05.640Z"}
{"level":"info","message":[{"availableFoods":["sadfasdf","asdfsadf","asdfasdf"],"description":"sfg gsadf gsdfgsdfg ","discoveries":[],"duration":"1 day","id":"69118556f5e2c062368a9590","images":["https://res.cloudinary.com/djcbn6fkv/image/upload/v1762763343/Travel-Truck-Vendor-Document/llnwjaeynrhexj0uivdc.jpg"],"itinerary":[{"_id":"69118556f5e2c062368a9591","activities":["asdf","asdfsaf"],"day":1,"title":"sdf"},{"_id":"69118556f5e2c062368a9592","activities":["sadfadsf","asdfsdf"],"day":2,"title":"asdfsda"}],"price":234234,"title":"dasf"}],"timestamp":"2025-11-11T17:13:05.654Z"}
{"level":"info","message":"from refresh token req.body : {\"__stripe_mid\":\"ad6f3088-818a-48d5-a05e-3c69aaa10f5a86574e\",\"accessToken\":\"eyJhbGciOiJIUzI1NiIsInR5cCI6IkpXVCJ9.eyJpZCI6IjY4ZGExNjEwYzc0MDk4YjJhZWY3YzVmNiIsInJvbGUiOiJ1c2VyIiwiaWF0IjoxNzYyODc4NjYwLCJleHAiOjE3NjI4Nzk1NjB9.I8TjuUpTXyXy4ml_na2tp3I8fUdyUwOZBhjUoBwu9I4\",\"refreshToken\":\"eyJhbGciOiJIUzI1NiIsInR5cCI6IkpXVCJ9.eyJpZCI6IjY4ZGExNjEwYzc0MDk4YjJhZWY3YzVmNiIsInJvbGUiOiJ1c2VyIiwiaWF0IjoxNzYyODc4NjYwLCJleHAiOjE3NjM0ODM0NjB9.AHnjk00RQkC8SdaZPA5sRB9042yw1d_x9wohQSKA_zI\",\"__next_hmr_refresh_hash__\":\"791\"}","timestamp":"2025-11-11T17:13:05.668Z"}
{"level":"info","message":"userId:eyJhbGciOiJIUzI1NiIsInR5cCI6IkpXVCJ9.eyJpZCI6IjY4ZGExNjEwYzc0MDk4YjJhZWY3YzVmNiIsInJvbGUiOiJ1c2VyIiwiaWF0IjoxNzYyODc4NjYwLCJleHAiOjE3NjM0ODM0NjB9.AHnjk00RQkC8SdaZPA5sRB9042yw1d_x9wohQSKA_zI","timestamp":"2025-11-11T17:13:05.670Z"}
{"level":"error","message":"--- Error Handler ---","timestamp":"2025-11-11T17:13:05.683Z"}
{"level":"error","message":"Name:","timestamp":"2025-11-11T17:13:05.700Z"}
{"level":"info","message":"invalid signature","name":"JsonWebTokenError","timestamp":"2025-11-11T17:13:05.701Z"}
{"level":"error","message":"Message:","timestamp":"2025-11-11T17:13:05.702Z"}
{"level":"error","message":"Stack:","timestamp":"2025-11-11T17:13:05.703Z"}
{"level":"error","message":"----------------------","timestamp":"2025-11-11T17:13:05.704Z"}
{"level":"info","message":[{"availableFoods":["sadfasdf","asdfsadf","asdfasdf"],"description":"sfg gsadf gsdfgsdfg ","discoveries":[],"duration":"1 day","id":"69118556f5e2c062368a9590","images":["https://res.cloudinary.com/djcbn6fkv/image/upload/v1762763343/Travel-Truck-Vendor-Document/llnwjaeynrhexj0uivdc.jpg"],"itinerary":[{"_id":"69118556f5e2c062368a9591","activities":["asdf","asdfsaf"],"day":1,"title":"sdf"},{"_id":"69118556f5e2c062368a9592","activities":["sadfadsf","asdfsdf"],"day":2,"title":"asdfsda"}],"price":234234,"title":"dasf"}],"timestamp":"2025-11-11T17:13:07.304Z"}
{"level":"error","message":"Failed to verify token: jwt expired","timestamp":"2025-11-11T17:13:07.329Z"}
{"level":"error","message":"Failed to verify token: jwt expired","timestamp":"2025-11-11T17:13:07.336Z"}
{"level":"info","message":"from refresh token req.body : {\"__stripe_mid\":\"ad6f3088-818a-48d5-a05e-3c69aaa10f5a86574e\",\"accessToken\":\"eyJhbGciOiJIUzI1NiIsInR5cCI6IkpXVCJ9.eyJpZCI6IjY4ZGExNjEwYzc0MDk4YjJhZWY3YzVmNiIsInJvbGUiOiJ1c2VyIiwiaWF0IjoxNzYyODc4NjYwLCJleHAiOjE3NjI4Nzk1NjB9.I8TjuUpTXyXy4ml_na2tp3I8fUdyUwOZBhjUoBwu9I4\",\"refreshToken\":\"eyJhbGciOiJIUzI1NiIsInR5cCI6IkpXVCJ9.eyJpZCI6IjY4ZGExNjEwYzc0MDk4YjJhZWY3YzVmNiIsInJvbGUiOiJ1c2VyIiwiaWF0IjoxNzYyODc4NjYwLCJleHAiOjE3NjM0ODM0NjB9.AHnjk00RQkC8SdaZPA5sRB9042yw1d_x9wohQSKA_zI\",\"__next_hmr_refresh_hash__\":\"791\"}","timestamp":"2025-11-11T17:13:07.440Z"}
{"level":"info","message":"userId:eyJhbGciOiJIUzI1NiIsInR5cCI6IkpXVCJ9.eyJpZCI6IjY4ZGExNjEwYzc0MDk4YjJhZWY3YzVmNiIsInJvbGUiOiJ1c2VyIiwiaWF0IjoxNzYyODc4NjYwLCJleHAiOjE3NjM0ODM0NjB9.AHnjk00RQkC8SdaZPA5sRB9042yw1d_x9wohQSKA_zI","timestamp":"2025-11-11T17:13:07.456Z"}
{"level":"error","message":"--- Error Handler ---","timestamp":"2025-11-11T17:13:07.461Z"}
{"level":"error","message":"Name:","timestamp":"2025-11-11T17:13:07.469Z"}
{"level":"info","message":"invalid signature","name":"JsonWebTokenError","timestamp":"2025-11-11T17:13:07.470Z"}
{"level":"error","message":"Message:","timestamp":"2025-11-11T17:13:07.471Z"}
{"level":"error","message":"Stack:","timestamp":"2025-11-11T17:13:07.472Z"}
{"level":"error","message":"----------------------","timestamp":"2025-11-11T17:13:07.473Z"}
{"level":"info","message":"from refresh token req.body : {\"__stripe_mid\":\"ad6f3088-818a-48d5-a05e-3c69aaa10f5a86574e\",\"accessToken\":\"eyJhbGciOiJIUzI1NiIsInR5cCI6IkpXVCJ9.eyJpZCI6IjY4ZGExNjEwYzc0MDk4YjJhZWY3YzVmNiIsInJvbGUiOiJ1c2VyIiwiaWF0IjoxNzYyODc4NjYwLCJleHAiOjE3NjI4Nzk1NjB9.I8TjuUpTXyXy4ml_na2tp3I8fUdyUwOZBhjUoBwu9I4\",\"refreshToken\":\"eyJhbGciOiJIUzI1NiIsInR5cCI6IkpXVCJ9.eyJpZCI6IjY4ZGExNjEwYzc0MDk4YjJhZWY3YzVmNiIsInJvbGUiOiJ1c2VyIiwiaWF0IjoxNzYyODc4NjYwLCJleHAiOjE3NjM0ODM0NjB9.AHnjk00RQkC8SdaZPA5sRB9042yw1d_x9wohQSKA_zI\",\"__next_hmr_refresh_hash__\":\"791\"}","timestamp":"2025-11-11T17:13:07.484Z"}
{"level":"info","message":"userId:eyJhbGciOiJIUzI1NiIsInR5cCI6IkpXVCJ9.eyJpZCI6IjY4ZGExNjEwYzc0MDk4YjJhZWY3YzVmNiIsInJvbGUiOiJ1c2VyIiwiaWF0IjoxNzYyODc4NjYwLCJleHAiOjE3NjM0ODM0NjB9.AHnjk00RQkC8SdaZPA5sRB9042yw1d_x9wohQSKA_zI","timestamp":"2025-11-11T17:13:07.486Z"}
{"level":"error","message":"--- Error Handler ---","timestamp":"2025-11-11T17:13:07.490Z"}
{"level":"error","message":"Name:","timestamp":"2025-11-11T17:13:07.490Z"}
{"level":"info","message":"invalid signature","name":"JsonWebTokenError","timestamp":"2025-11-11T17:13:07.491Z"}
{"level":"error","message":"Message:","timestamp":"2025-11-11T17:13:07.491Z"}
{"level":"error","message":"Stack:","timestamp":"2025-11-11T17:13:07.493Z"}
{"level":"error","message":"----------------------","timestamp":"2025-11-11T17:13:07.494Z"}
{"level":"info","message":[{"availableFoods":["sadfasdf","asdfsadf","asdfasdf"],"description":"sfg gsadf gsdfgsdfg ","discoveries":[],"duration":"1 day","id":"69118556f5e2c062368a9590","images":["https://res.cloudinary.com/djcbn6fkv/image/upload/v1762763343/Travel-Truck-Vendor-Document/llnwjaeynrhexj0uivdc.jpg"],"itinerary":[{"_id":"69118556f5e2c062368a9591","activities":["asdf","asdfsaf"],"day":1,"title":"sdf"},{"_id":"69118556f5e2c062368a9592","activities":["sadfadsf","asdfsdf"],"day":2,"title":"asdfsda"}],"price":234234,"title":"dasf"}],"timestamp":"2025-11-11T17:13:07.497Z"}
{"level":"info","message":[{"availableFoods":["sadfasdf","asdfsadf","asdfasdf"],"description":"sfg gsadf gsdfgsdfg ","discoveries":[],"duration":"1 day","id":"69118556f5e2c062368a9590","images":["https://res.cloudinary.com/djcbn6fkv/image/upload/v1762763343/Travel-Truck-Vendor-Document/llnwjaeynrhexj0uivdc.jpg"],"itinerary":[{"_id":"69118556f5e2c062368a9591","activities":["asdf","asdfsaf"],"day":1,"title":"sdf"},{"_id":"69118556f5e2c062368a9592","activities":["sadfadsf","asdfsdf"],"day":2,"title":"asdfsda"}],"price":234234,"title":"dasf"}],"timestamp":"2025-11-11T17:13:08.551Z"}
{"level":"error","message":"Failed to verify token: jwt expired","timestamp":"2025-11-11T17:13:08.586Z"}
{"level":"error","message":"Failed to verify token: jwt expired","timestamp":"2025-11-11T17:13:08.591Z"}
{"level":"info","message":"from refresh token req.body : {\"__stripe_mid\":\"ad6f3088-818a-48d5-a05e-3c69aaa10f5a86574e\",\"accessToken\":\"eyJhbGciOiJIUzI1NiIsInR5cCI6IkpXVCJ9.eyJpZCI6IjY4ZGExNjEwYzc0MDk4YjJhZWY3YzVmNiIsInJvbGUiOiJ1c2VyIiwiaWF0IjoxNzYyODc4NjYwLCJleHAiOjE3NjI4Nzk1NjB9.I8TjuUpTXyXy4ml_na2tp3I8fUdyUwOZBhjUoBwu9I4\",\"refreshToken\":\"eyJhbGciOiJIUzI1NiIsInR5cCI6IkpXVCJ9.eyJpZCI6IjY4ZGExNjEwYzc0MDk4YjJhZWY3YzVmNiIsInJvbGUiOiJ1c2VyIiwiaWF0IjoxNzYyODc4NjYwLCJleHAiOjE3NjM0ODM0NjB9.AHnjk00RQkC8SdaZPA5sRB9042yw1d_x9wohQSKA_zI\",\"__next_hmr_refresh_hash__\":\"791\"}","timestamp":"2025-11-11T17:13:08.602Z"}
{"level":"info","message":"userId:eyJhbGciOiJIUzI1NiIsInR5cCI6IkpXVCJ9.eyJpZCI6IjY4ZGExNjEwYzc0MDk4YjJhZWY3YzVmNiIsInJvbGUiOiJ1c2VyIiwiaWF0IjoxNzYyODc4NjYwLCJleHAiOjE3NjM0ODM0NjB9.AHnjk00RQkC8SdaZPA5sRB9042yw1d_x9wohQSKA_zI","timestamp":"2025-11-11T17:13:08.604Z"}
{"level":"error","message":"--- Error Handler ---","timestamp":"2025-11-11T17:13:08.606Z"}
{"level":"error","message":"Name:","timestamp":"2025-11-11T17:13:08.606Z"}
{"level":"info","message":"invalid signature","name":"JsonWebTokenError","timestamp":"2025-11-11T17:13:08.606Z"}
{"level":"error","message":"Message:","timestamp":"2025-11-11T17:13:08.607Z"}
{"level":"error","message":"Stack:","timestamp":"2025-11-11T17:13:08.607Z"}
{"level":"error","message":"----------------------","timestamp":"2025-11-11T17:13:08.607Z"}
{"level":"info","message":"from refresh token req.body : {\"__stripe_mid\":\"ad6f3088-818a-48d5-a05e-3c69aaa10f5a86574e\",\"accessToken\":\"eyJhbGciOiJIUzI1NiIsInR5cCI6IkpXVCJ9.eyJpZCI6IjY4ZGExNjEwYzc0MDk4YjJhZWY3YzVmNiIsInJvbGUiOiJ1c2VyIiwiaWF0IjoxNzYyODc4NjYwLCJleHAiOjE3NjI4Nzk1NjB9.I8TjuUpTXyXy4ml_na2tp3I8fUdyUwOZBhjUoBwu9I4\",\"refreshToken\":\"eyJhbGciOiJIUzI1NiIsInR5cCI6IkpXVCJ9.eyJpZCI6IjY4ZGExNjEwYzc0MDk4YjJhZWY3YzVmNiIsInJvbGUiOiJ1c2VyIiwiaWF0IjoxNzYyODc4NjYwLCJleHAiOjE3NjM0ODM0NjB9.AHnjk00RQkC8SdaZPA5sRB9042yw1d_x9wohQSKA_zI\",\"__next_hmr_refresh_hash__\":\"791\"}","timestamp":"2025-11-11T17:13:08.610Z"}
{"level":"info","message":"userId:eyJhbGciOiJIUzI1NiIsInR5cCI6IkpXVCJ9.eyJpZCI6IjY4ZGExNjEwYzc0MDk4YjJhZWY3YzVmNiIsInJvbGUiOiJ1c2VyIiwiaWF0IjoxNzYyODc4NjYwLCJleHAiOjE3NjM0ODM0NjB9.AHnjk00RQkC8SdaZPA5sRB9042yw1d_x9wohQSKA_zI","timestamp":"2025-11-11T17:13:08.612Z"}
{"level":"error","message":"--- Error Handler ---","timestamp":"2025-11-11T17:13:08.615Z"}
{"level":"error","message":"Name:","timestamp":"2025-11-11T17:13:08.616Z"}
{"level":"info","message":"invalid signature","name":"JsonWebTokenError","timestamp":"2025-11-11T17:13:08.617Z"}
{"level":"error","message":"Message:","timestamp":"2025-11-11T17:13:08.617Z"}
{"level":"error","message":"Stack:","timestamp":"2025-11-11T17:13:08.618Z"}
{"level":"error","message":"----------------------","timestamp":"2025-11-11T17:13:08.618Z"}
{"level":"info","message":[{"availableFoods":["sadfasdf","asdfsadf","asdfasdf"],"description":"sfg gsadf gsdfgsdfg ","discoveries":[],"duration":"1 day","id":"69118556f5e2c062368a9590","images":["https://res.cloudinary.com/djcbn6fkv/image/upload/v1762763343/Travel-Truck-Vendor-Document/llnwjaeynrhexj0uivdc.jpg"],"itinerary":[{"_id":"69118556f5e2c062368a9591","activities":["asdf","asdfsaf"],"day":1,"title":"sdf"},{"_id":"69118556f5e2c062368a9592","activities":["sadfadsf","asdfsdf"],"day":2,"title":"asdfsda"}],"price":234234,"title":"dasf"}],"timestamp":"2025-11-11T17:13:08.620Z"}
{"level":"info","message":[{"availableFoods":["sadfasdf","asdfsadf","asdfasdf"],"description":"sfg gsadf gsdfgsdfg ","discoveries":[],"duration":"1 day","id":"69118556f5e2c062368a9590","images":["https://res.cloudinary.com/djcbn6fkv/image/upload/v1762763343/Travel-Truck-Vendor-Document/llnwjaeynrhexj0uivdc.jpg"],"itinerary":[{"_id":"69118556f5e2c062368a9591","activities":["asdf","asdfsaf"],"day":1,"title":"sdf"},{"_id":"69118556f5e2c062368a9592","activities":["sadfadsf","asdfsdf"],"day":2,"title":"asdfsda"}],"price":234234,"title":"dasf"}],"timestamp":"2025-11-11T17:13:09.413Z"}
{"level":"error","message":"Failed to verify token: jwt expired","timestamp":"2025-11-11T17:13:09.437Z"}
{"level":"error","message":"Failed to verify token: jwt expired","timestamp":"2025-11-11T17:13:09.441Z"}
{"level":"info","message":"from refresh token req.body : {\"__stripe_mid\":\"ad6f3088-818a-48d5-a05e-3c69aaa10f5a86574e\",\"accessToken\":\"eyJhbGciOiJIUzI1NiIsInR5cCI6IkpXVCJ9.eyJpZCI6IjY4ZGExNjEwYzc0MDk4YjJhZWY3YzVmNiIsInJvbGUiOiJ1c2VyIiwiaWF0IjoxNzYyODc4NjYwLCJleHAiOjE3NjI4Nzk1NjB9.I8TjuUpTXyXy4ml_na2tp3I8fUdyUwOZBhjUoBwu9I4\",\"refreshToken\":\"eyJhbGciOiJIUzI1NiIsInR5cCI6IkpXVCJ9.eyJpZCI6IjY4ZGExNjEwYzc0MDk4YjJhZWY3YzVmNiIsInJvbGUiOiJ1c2VyIiwiaWF0IjoxNzYyODc4NjYwLCJleHAiOjE3NjM0ODM0NjB9.AHnjk00RQkC8SdaZPA5sRB9042yw1d_x9wohQSKA_zI\",\"__next_hmr_refresh_hash__\":\"791\"}","timestamp":"2025-11-11T17:13:09.468Z"}
{"level":"info","message":"userId:eyJhbGciOiJIUzI1NiIsInR5cCI6IkpXVCJ9.eyJpZCI6IjY4ZGExNjEwYzc0MDk4YjJhZWY3YzVmNiIsInJvbGUiOiJ1c2VyIiwiaWF0IjoxNzYyODc4NjYwLCJleHAiOjE3NjM0ODM0NjB9.AHnjk00RQkC8SdaZPA5sRB9042yw1d_x9wohQSKA_zI","timestamp":"2025-11-11T17:13:09.469Z"}
{"level":"error","message":"--- Error Handler ---","timestamp":"2025-11-11T17:13:09.471Z"}
{"level":"error","message":"Name:","timestamp":"2025-11-11T17:13:09.472Z"}
{"level":"info","message":"invalid signature","name":"JsonWebTokenError","timestamp":"2025-11-11T17:13:09.472Z"}
{"level":"error","message":"Message:","timestamp":"2025-11-11T17:13:09.472Z"}
{"level":"error","message":"Stack:","timestamp":"2025-11-11T17:13:09.473Z"}
{"level":"error","message":"----------------------","timestamp":"2025-11-11T17:13:09.473Z"}
{"level":"info","message":"from refresh token req.body : {\"__stripe_mid\":\"ad6f3088-818a-48d5-a05e-3c69aaa10f5a86574e\",\"accessToken\":\"eyJhbGciOiJIUzI1NiIsInR5cCI6IkpXVCJ9.eyJpZCI6IjY4ZGExNjEwYzc0MDk4YjJhZWY3YzVmNiIsInJvbGUiOiJ1c2VyIiwiaWF0IjoxNzYyODc4NjYwLCJleHAiOjE3NjI4Nzk1NjB9.I8TjuUpTXyXy4ml_na2tp3I8fUdyUwOZBhjUoBwu9I4\",\"refreshToken\":\"eyJhbGciOiJIUzI1NiIsInR5cCI6IkpXVCJ9.eyJpZCI6IjY4ZGExNjEwYzc0MDk4YjJhZWY3YzVmNiIsInJvbGUiOiJ1c2VyIiwiaWF0IjoxNzYyODc4NjYwLCJleHAiOjE3NjM0ODM0NjB9.AHnjk00RQkC8SdaZPA5sRB9042yw1d_x9wohQSKA_zI\",\"__next_hmr_refresh_hash__\":\"791\"}","timestamp":"2025-11-11T17:13:09.475Z"}
{"level":"info","message":"userId:eyJhbGciOiJIUzI1NiIsInR5cCI6IkpXVCJ9.eyJpZCI6IjY4ZGExNjEwYzc0MDk4YjJhZWY3YzVmNiIsInJvbGUiOiJ1c2VyIiwiaWF0IjoxNzYyODc4NjYwLCJleHAiOjE3NjM0ODM0NjB9.AHnjk00RQkC8SdaZPA5sRB9042yw1d_x9wohQSKA_zI","timestamp":"2025-11-11T17:13:09.476Z"}
{"level":"error","message":"--- Error Handler ---","timestamp":"2025-11-11T17:13:09.479Z"}
{"level":"error","message":"Name:","timestamp":"2025-11-11T17:13:09.479Z"}
{"level":"info","message":"invalid signature","name":"JsonWebTokenError","timestamp":"2025-11-11T17:13:09.480Z"}
{"level":"error","message":"Message:","timestamp":"2025-11-11T17:13:09.481Z"}
{"level":"error","message":"Stack:","timestamp":"2025-11-11T17:13:09.481Z"}
{"level":"error","message":"----------------------","timestamp":"2025-11-11T17:13:09.482Z"}
{"level":"info","message":[{"availableFoods":["sadfasdf","asdfsadf","asdfasdf"],"description":"sfg gsadf gsdfgsdfg ","discoveries":[],"duration":"1 day","id":"69118556f5e2c062368a9590","images":["https://res.cloudinary.com/djcbn6fkv/image/upload/v1762763343/Travel-Truck-Vendor-Document/llnwjaeynrhexj0uivdc.jpg"],"itinerary":[{"_id":"69118556f5e2c062368a9591","activities":["asdf","asdfsaf"],"day":1,"title":"sdf"},{"_id":"69118556f5e2c062368a9592","activities":["sadfadsf","asdfsdf"],"day":2,"title":"asdfsda"}],"price":234234,"title":"dasf"}],"timestamp":"2025-11-11T17:13:09.492Z"}
{"level":"info","message":[{"availableFoods":["sadfasdf","asdfsadf","asdfasdf"],"description":"sfg gsadf gsdfgsdfg ","discoveries":[],"duration":"1 day","id":"69118556f5e2c062368a9590","images":["https://res.cloudinary.com/djcbn6fkv/image/upload/v1762763343/Travel-Truck-Vendor-Document/llnwjaeynrhexj0uivdc.jpg"],"itinerary":[{"_id":"69118556f5e2c062368a9591","activities":["asdf","asdfsaf"],"day":1,"title":"sdf"},{"_id":"69118556f5e2c062368a9592","activities":["sadfadsf","asdfsdf"],"day":2,"title":"asdfsda"}],"price":234234,"title":"dasf"}],"timestamp":"2025-11-11T17:13:10.150Z"}
{"level":"error","message":"Failed to verify token: jwt expired","timestamp":"2025-11-11T17:13:10.177Z"}
{"level":"error","message":"Failed to verify token: jwt expired","timestamp":"2025-11-11T17:13:10.183Z"}
{"level":"info","message":"from refresh token req.body : {\"__stripe_mid\":\"ad6f3088-818a-48d5-a05e-3c69aaa10f5a86574e\",\"accessToken\":\"eyJhbGciOiJIUzI1NiIsInR5cCI6IkpXVCJ9.eyJpZCI6IjY4ZGExNjEwYzc0MDk4YjJhZWY3YzVmNiIsInJvbGUiOiJ1c2VyIiwiaWF0IjoxNzYyODc4NjYwLCJleHAiOjE3NjI4Nzk1NjB9.I8TjuUpTXyXy4ml_na2tp3I8fUdyUwOZBhjUoBwu9I4\",\"refreshToken\":\"eyJhbGciOiJIUzI1NiIsInR5cCI6IkpXVCJ9.eyJpZCI6IjY4ZGExNjEwYzc0MDk4YjJhZWY3YzVmNiIsInJvbGUiOiJ1c2VyIiwiaWF0IjoxNzYyODc4NjYwLCJleHAiOjE3NjM0ODM0NjB9.AHnjk00RQkC8SdaZPA5sRB9042yw1d_x9wohQSKA_zI\",\"__next_hmr_refresh_hash__\":\"791\"}","timestamp":"2025-11-11T17:13:10.187Z"}
{"level":"info","message":"userId:eyJhbGciOiJIUzI1NiIsInR5cCI6IkpXVCJ9.eyJpZCI6IjY4ZGExNjEwYzc0MDk4YjJhZWY3YzVmNiIsInJvbGUiOiJ1c2VyIiwiaWF0IjoxNzYyODc4NjYwLCJleHAiOjE3NjM0ODM0NjB9.AHnjk00RQkC8SdaZPA5sRB9042yw1d_x9wohQSKA_zI","timestamp":"2025-11-11T17:13:10.188Z"}
{"level":"error","message":"--- Error Handler ---","timestamp":"2025-11-11T17:13:10.189Z"}
{"level":"error","message":"Name:","timestamp":"2025-11-11T17:13:10.190Z"}
{"level":"info","message":"invalid signature","name":"JsonWebTokenError","timestamp":"2025-11-11T17:13:10.190Z"}
{"level":"error","message":"Message:","timestamp":"2025-11-11T17:13:10.191Z"}
{"level":"error","message":"Stack:","timestamp":"2025-11-11T17:13:10.191Z"}
{"level":"error","message":"----------------------","timestamp":"2025-11-11T17:13:10.192Z"}
{"level":"info","message":"from refresh token req.body : {\"__stripe_mid\":\"ad6f3088-818a-48d5-a05e-3c69aaa10f5a86574e\",\"accessToken\":\"eyJhbGciOiJIUzI1NiIsInR5cCI6IkpXVCJ9.eyJpZCI6IjY4ZGExNjEwYzc0MDk4YjJhZWY3YzVmNiIsInJvbGUiOiJ1c2VyIiwiaWF0IjoxNzYyODc4NjYwLCJleHAiOjE3NjI4Nzk1NjB9.I8TjuUpTXyXy4ml_na2tp3I8fUdyUwOZBhjUoBwu9I4\",\"refreshToken\":\"eyJhbGciOiJIUzI1NiIsInR5cCI6IkpXVCJ9.eyJpZCI6IjY4ZGExNjEwYzc0MDk4YjJhZWY3YzVmNiIsInJvbGUiOiJ1c2VyIiwiaWF0IjoxNzYyODc4NjYwLCJleHAiOjE3NjM0ODM0NjB9.AHnjk00RQkC8SdaZPA5sRB9042yw1d_x9wohQSKA_zI\",\"__next_hmr_refresh_hash__\":\"791\"}","timestamp":"2025-11-11T17:13:10.195Z"}
{"level":"info","message":"userId:eyJhbGciOiJIUzI1NiIsInR5cCI6IkpXVCJ9.eyJpZCI6IjY4ZGExNjEwYzc0MDk4YjJhZWY3YzVmNiIsInJvbGUiOiJ1c2VyIiwiaWF0IjoxNzYyODc4NjYwLCJleHAiOjE3NjM0ODM0NjB9.AHnjk00RQkC8SdaZPA5sRB9042yw1d_x9wohQSKA_zI","timestamp":"2025-11-11T17:13:10.196Z"}
{"level":"error","message":"--- Error Handler ---","timestamp":"2025-11-11T17:13:10.198Z"}
{"level":"error","message":"Name:","timestamp":"2025-11-11T17:13:10.199Z"}
{"level":"info","message":"invalid signature","name":"JsonWebTokenError","timestamp":"2025-11-11T17:13:10.199Z"}
{"level":"error","message":"Message:","timestamp":"2025-11-11T17:13:10.200Z"}
{"level":"error","message":"Stack:","timestamp":"2025-11-11T17:13:10.200Z"}
{"level":"error","message":"----------------------","timestamp":"2025-11-11T17:13:10.201Z"}
{"level":"info","message":[{"availableFoods":["sadfasdf","asdfsadf","asdfasdf"],"description":"sfg gsadf gsdfgsdfg ","discoveries":[],"duration":"1 day","id":"69118556f5e2c062368a9590","images":["https://res.cloudinary.com/djcbn6fkv/image/upload/v1762763343/Travel-Truck-Vendor-Document/llnwjaeynrhexj0uivdc.jpg"],"itinerary":[{"_id":"69118556f5e2c062368a9591","activities":["asdf","asdfsaf"],"day":1,"title":"sdf"},{"_id":"69118556f5e2c062368a9592","activities":["sadfadsf","asdfsdf"],"day":2,"title":"asdfsda"}],"price":234234,"title":"dasf"}],"timestamp":"2025-11-11T17:13:10.207Z"}
{"level":"info","message":[{"availableFoods":["sadfasdf","asdfsadf","asdfasdf"],"description":"sfg gsadf gsdfgsdfg ","discoveries":[],"duration":"1 day","id":"69118556f5e2c062368a9590","images":["https://res.cloudinary.com/djcbn6fkv/image/upload/v1762763343/Travel-Truck-Vendor-Document/llnwjaeynrhexj0uivdc.jpg"],"itinerary":[{"_id":"69118556f5e2c062368a9591","activities":["asdf","asdfsaf"],"day":1,"title":"sdf"},{"_id":"69118556f5e2c062368a9592","activities":["sadfadsf","asdfsdf"],"day":2,"title":"asdfsda"}],"price":234234,"title":"dasf"}],"timestamp":"2025-11-11T17:13:11.015Z"}
{"level":"error","message":"Failed to verify token: jwt expired","timestamp":"2025-11-11T17:13:11.058Z"}
{"level":"error","message":"Failed to verify token: jwt expired","timestamp":"2025-11-11T17:13:11.068Z"}
{"level":"info","message":[{"availableFoods":["sadfasdf","asdfsadf","asdfasdf"],"description":"sfg gsadf gsdfgsdfg ","discoveries":[],"duration":"1 day","id":"69118556f5e2c062368a9590","images":["https://res.cloudinary.com/djcbn6fkv/image/upload/v1762763343/Travel-Truck-Vendor-Document/llnwjaeynrhexj0uivdc.jpg"],"itinerary":[{"_id":"69118556f5e2c062368a9591","activities":["asdf","asdfsaf"],"day":1,"title":"sdf"},{"_id":"69118556f5e2c062368a9592","activities":["sadfadsf","asdfsdf"],"day":2,"title":"asdfsda"}],"price":234234,"title":"dasf"}],"timestamp":"2025-11-11T17:13:11.071Z"}
{"level":"info","message":"from refresh token req.body : {\"__stripe_mid\":\"ad6f3088-818a-48d5-a05e-3c69aaa10f5a86574e\",\"accessToken\":\"eyJhbGciOiJIUzI1NiIsInR5cCI6IkpXVCJ9.eyJpZCI6IjY4ZGExNjEwYzc0MDk4YjJhZWY3YzVmNiIsInJvbGUiOiJ1c2VyIiwiaWF0IjoxNzYyODc4NjYwLCJleHAiOjE3NjI4Nzk1NjB9.I8TjuUpTXyXy4ml_na2tp3I8fUdyUwOZBhjUoBwu9I4\",\"refreshToken\":\"eyJhbGciOiJIUzI1NiIsInR5cCI6IkpXVCJ9.eyJpZCI6IjY4ZGExNjEwYzc0MDk4YjJhZWY3YzVmNiIsInJvbGUiOiJ1c2VyIiwiaWF0IjoxNzYyODc4NjYwLCJleHAiOjE3NjM0ODM0NjB9.AHnjk00RQkC8SdaZPA5sRB9042yw1d_x9wohQSKA_zI\",\"__next_hmr_refresh_hash__\":\"791\"}","timestamp":"2025-11-11T17:13:11.075Z"}
{"level":"info","message":"userId:eyJhbGciOiJIUzI1NiIsInR5cCI6IkpXVCJ9.eyJpZCI6IjY4ZGExNjEwYzc0MDk4YjJhZWY3YzVmNiIsInJvbGUiOiJ1c2VyIiwiaWF0IjoxNzYyODc4NjYwLCJleHAiOjE3NjM0ODM0NjB9.AHnjk00RQkC8SdaZPA5sRB9042yw1d_x9wohQSKA_zI","timestamp":"2025-11-11T17:13:11.077Z"}
{"level":"error","message":"--- Error Handler ---","timestamp":"2025-11-11T17:13:11.080Z"}
{"level":"error","message":"Name:","timestamp":"2025-11-11T17:13:11.082Z"}
{"level":"info","message":"invalid signature","name":"JsonWebTokenError","timestamp":"2025-11-11T17:13:11.083Z"}
{"level":"error","message":"Message:","timestamp":"2025-11-11T17:13:11.084Z"}
{"level":"error","message":"Stack:","timestamp":"2025-11-11T17:13:11.084Z"}
{"level":"error","message":"----------------------","timestamp":"2025-11-11T17:13:11.085Z"}
{"level":"info","message":"from refresh token req.body : {\"__stripe_mid\":\"ad6f3088-818a-48d5-a05e-3c69aaa10f5a86574e\",\"accessToken\":\"eyJhbGciOiJIUzI1NiIsInR5cCI6IkpXVCJ9.eyJpZCI6IjY4ZGExNjEwYzc0MDk4YjJhZWY3YzVmNiIsInJvbGUiOiJ1c2VyIiwiaWF0IjoxNzYyODc4NjYwLCJleHAiOjE3NjI4Nzk1NjB9.I8TjuUpTXyXy4ml_na2tp3I8fUdyUwOZBhjUoBwu9I4\",\"refreshToken\":\"eyJhbGciOiJIUzI1NiIsInR5cCI6IkpXVCJ9.eyJpZCI6IjY4ZGExNjEwYzc0MDk4YjJhZWY3YzVmNiIsInJvbGUiOiJ1c2VyIiwiaWF0IjoxNzYyODc4NjYwLCJleHAiOjE3NjM0ODM0NjB9.AHnjk00RQkC8SdaZPA5sRB9042yw1d_x9wohQSKA_zI\",\"__next_hmr_refresh_hash__\":\"791\"}","timestamp":"2025-11-11T17:13:11.087Z"}
{"level":"info","message":"userId:eyJhbGciOiJIUzI1NiIsInR5cCI6IkpXVCJ9.eyJpZCI6IjY4ZGExNjEwYzc0MDk4YjJhZWY3YzVmNiIsInJvbGUiOiJ1c2VyIiwiaWF0IjoxNzYyODc4NjYwLCJleHAiOjE3NjM0ODM0NjB9.AHnjk00RQkC8SdaZPA5sRB9042yw1d_x9wohQSKA_zI","timestamp":"2025-11-11T17:13:11.089Z"}
{"level":"error","message":"--- Error Handler ---","timestamp":"2025-11-11T17:13:11.091Z"}
{"level":"error","message":"Name:","timestamp":"2025-11-11T17:13:11.092Z"}
{"level":"info","message":"invalid signature","name":"JsonWebTokenError","timestamp":"2025-11-11T17:13:11.093Z"}
{"level":"error","message":"Message:","timestamp":"2025-11-11T17:13:11.094Z"}
{"level":"error","message":"Stack:","timestamp":"2025-11-11T17:13:11.094Z"}
{"level":"error","message":"----------------------","timestamp":"2025-11-11T17:13:11.095Z"}
{"level":"info","message":[{"availableFoods":["sadfasdf","asdfsadf","asdfasdf"],"description":"sfg gsadf gsdfgsdfg ","discoveries":[],"duration":"1 day","id":"69118556f5e2c062368a9590","images":["https://res.cloudinary.com/djcbn6fkv/image/upload/v1762763343/Travel-Truck-Vendor-Document/llnwjaeynrhexj0uivdc.jpg"],"itinerary":[{"_id":"69118556f5e2c062368a9591","activities":["asdf","asdfsaf"],"day":1,"title":"sdf"},{"_id":"69118556f5e2c062368a9592","activities":["sadfadsf","asdfsdf"],"day":2,"title":"asdfsda"}],"price":234234,"title":"dasf"}],"timestamp":"2025-11-11T17:13:12.057Z"}
{"level":"error","message":"Failed to verify token: jwt expired","timestamp":"2025-11-11T17:13:12.113Z"}
{"level":"info","message":[{"availableFoods":["sadfasdf","asdfsadf","asdfasdf"],"description":"sfg gsadf gsdfgsdfg ","discoveries":[],"duration":"1 day","id":"69118556f5e2c062368a9590","images":["https://res.cloudinary.com/djcbn6fkv/image/upload/v1762763343/Travel-Truck-Vendor-Document/llnwjaeynrhexj0uivdc.jpg"],"itinerary":[{"_id":"69118556f5e2c062368a9591","activities":["asdf","asdfsaf"],"day":1,"title":"sdf"},{"_id":"69118556f5e2c062368a9592","activities":["sadfadsf","asdfsdf"],"day":2,"title":"asdfsda"}],"price":234234,"title":"dasf"}],"timestamp":"2025-11-11T17:13:12.117Z"}
{"level":"error","message":"Failed to verify token: jwt expired","timestamp":"2025-11-11T17:13:12.130Z"}
{"level":"info","message":"from refresh token req.body : {\"__stripe_mid\":\"ad6f3088-818a-48d5-a05e-3c69aaa10f5a86574e\",\"accessToken\":\"eyJhbGciOiJIUzI1NiIsInR5cCI6IkpXVCJ9.eyJpZCI6IjY4ZGExNjEwYzc0MDk4YjJhZWY3YzVmNiIsInJvbGUiOiJ1c2VyIiwiaWF0IjoxNzYyODc4NjYwLCJleHAiOjE3NjI4Nzk1NjB9.I8TjuUpTXyXy4ml_na2tp3I8fUdyUwOZBhjUoBwu9I4\",\"refreshToken\":\"eyJhbGciOiJIUzI1NiIsInR5cCI6IkpXVCJ9.eyJpZCI6IjY4ZGExNjEwYzc0MDk4YjJhZWY3YzVmNiIsInJvbGUiOiJ1c2VyIiwiaWF0IjoxNzYyODc4NjYwLCJleHAiOjE3NjM0ODM0NjB9.AHnjk00RQkC8SdaZPA5sRB9042yw1d_x9wohQSKA_zI\",\"__next_hmr_refresh_hash__\":\"791\"}","timestamp":"2025-11-11T17:13:12.137Z"}
{"level":"info","message":"userId:eyJhbGciOiJIUzI1NiIsInR5cCI6IkpXVCJ9.eyJpZCI6IjY4ZGExNjEwYzc0MDk4YjJhZWY3YzVmNiIsInJvbGUiOiJ1c2VyIiwiaWF0IjoxNzYyODc4NjYwLCJleHAiOjE3NjM0ODM0NjB9.AHnjk00RQkC8SdaZPA5sRB9042yw1d_x9wohQSKA_zI","timestamp":"2025-11-11T17:13:12.139Z"}
{"level":"error","message":"--- Error Handler ---","timestamp":"2025-11-11T17:13:12.141Z"}
{"level":"error","message":"Name:","timestamp":"2025-11-11T17:13:12.142Z"}
{"level":"info","message":"invalid signature","name":"JsonWebTokenError","timestamp":"2025-11-11T17:13:12.143Z"}
{"level":"error","message":"Message:","timestamp":"2025-11-11T17:13:12.145Z"}
{"level":"error","message":"Stack:","timestamp":"2025-11-11T17:13:12.146Z"}
{"level":"error","message":"----------------------","timestamp":"2025-11-11T17:13:12.147Z"}
{"level":"info","message":"from refresh token req.body : {\"__stripe_mid\":\"ad6f3088-818a-48d5-a05e-3c69aaa10f5a86574e\",\"accessToken\":\"eyJhbGciOiJIUzI1NiIsInR5cCI6IkpXVCJ9.eyJpZCI6IjY4ZGExNjEwYzc0MDk4YjJhZWY3YzVmNiIsInJvbGUiOiJ1c2VyIiwiaWF0IjoxNzYyODc4NjYwLCJleHAiOjE3NjI4Nzk1NjB9.I8TjuUpTXyXy4ml_na2tp3I8fUdyUwOZBhjUoBwu9I4\",\"refreshToken\":\"eyJhbGciOiJIUzI1NiIsInR5cCI6IkpXVCJ9.eyJpZCI6IjY4ZGExNjEwYzc0MDk4YjJhZWY3YzVmNiIsInJvbGUiOiJ1c2VyIiwiaWF0IjoxNzYyODc4NjYwLCJleHAiOjE3NjM0ODM0NjB9.AHnjk00RQkC8SdaZPA5sRB9042yw1d_x9wohQSKA_zI\",\"__next_hmr_refresh_hash__\":\"791\"}","timestamp":"2025-11-11T17:13:12.176Z"}
{"level":"info","message":"userId:eyJhbGciOiJIUzI1NiIsInR5cCI6IkpXVCJ9.eyJpZCI6IjY4ZGExNjEwYzc0MDk4YjJhZWY3YzVmNiIsInJvbGUiOiJ1c2VyIiwiaWF0IjoxNzYyODc4NjYwLCJleHAiOjE3NjM0ODM0NjB9.AHnjk00RQkC8SdaZPA5sRB9042yw1d_x9wohQSKA_zI","timestamp":"2025-11-11T17:13:12.178Z"}
{"level":"error","message":"--- Error Handler ---","timestamp":"2025-11-11T17:13:12.183Z"}
{"level":"error","message":"Name:","timestamp":"2025-11-11T17:13:12.186Z"}
{"level":"info","message":"invalid signature","name":"JsonWebTokenError","timestamp":"2025-11-11T17:13:12.186Z"}
{"level":"error","message":"Message:","timestamp":"2025-11-11T17:13:12.187Z"}
{"level":"error","message":"Stack:","timestamp":"2025-11-11T17:13:12.188Z"}
{"level":"error","message":"----------------------","timestamp":"2025-11-11T17:13:12.188Z"}
{"level":"info","message":[{"availableFoods":["sadfasdf","asdfsadf","asdfasdf"],"description":"sfg gsadf gsdfgsdfg ","discoveries":[],"duration":"1 day","id":"69118556f5e2c062368a9590","images":["https://res.cloudinary.com/djcbn6fkv/image/upload/v1762763343/Travel-Truck-Vendor-Document/llnwjaeynrhexj0uivdc.jpg"],"itinerary":[{"_id":"69118556f5e2c062368a9591","activities":["asdf","asdfsaf"],"day":1,"title":"sdf"},{"_id":"69118556f5e2c062368a9592","activities":["sadfadsf","asdfsdf"],"day":2,"title":"asdfsda"}],"price":234234,"title":"dasf"}],"timestamp":"2025-11-11T17:13:12.945Z"}
{"level":"info","message":[{"availableFoods":["sadfasdf","asdfsadf","asdfasdf"],"description":"sfg gsadf gsdfgsdfg ","discoveries":[],"duration":"1 day","id":"69118556f5e2c062368a9590","images":["https://res.cloudinary.com/djcbn6fkv/image/upload/v1762763343/Travel-Truck-Vendor-Document/llnwjaeynrhexj0uivdc.jpg"],"itinerary":[{"_id":"69118556f5e2c062368a9591","activities":["asdf","asdfsaf"],"day":1,"title":"sdf"},{"_id":"69118556f5e2c062368a9592","activities":["sadfadsf","asdfsdf"],"day":2,"title":"asdfsda"}],"price":234234,"title":"dasf"}],"timestamp":"2025-11-11T17:13:12.999Z"}
{"level":"error","message":"Failed to verify token: jwt expired","timestamp":"2025-11-11T17:13:13.003Z"}
{"level":"error","message":"Failed to verify token: jwt expired","timestamp":"2025-11-11T17:13:13.008Z"}
{"level":"info","message":"from refresh token req.body : {\"__stripe_mid\":\"ad6f3088-818a-48d5-a05e-3c69aaa10f5a86574e\",\"accessToken\":\"eyJhbGciOiJIUzI1NiIsInR5cCI6IkpXVCJ9.eyJpZCI6IjY4ZGExNjEwYzc0MDk4YjJhZWY3YzVmNiIsInJvbGUiOiJ1c2VyIiwiaWF0IjoxNzYyODc4NjYwLCJleHAiOjE3NjI4Nzk1NjB9.I8TjuUpTXyXy4ml_na2tp3I8fUdyUwOZBhjUoBwu9I4\",\"refreshToken\":\"eyJhbGciOiJIUzI1NiIsInR5cCI6IkpXVCJ9.eyJpZCI6IjY4ZGExNjEwYzc0MDk4YjJhZWY3YzVmNiIsInJvbGUiOiJ1c2VyIiwiaWF0IjoxNzYyODc4NjYwLCJleHAiOjE3NjM0ODM0NjB9.AHnjk00RQkC8SdaZPA5sRB9042yw1d_x9wohQSKA_zI\",\"__next_hmr_refresh_hash__\":\"791\"}","timestamp":"2025-11-11T17:13:13.017Z"}
{"level":"info","message":"userId:eyJhbGciOiJIUzI1NiIsInR5cCI6IkpXVCJ9.eyJpZCI6IjY4ZGExNjEwYzc0MDk4YjJhZWY3YzVmNiIsInJvbGUiOiJ1c2VyIiwiaWF0IjoxNzYyODc4NjYwLCJleHAiOjE3NjM0ODM0NjB9.AHnjk00RQkC8SdaZPA5sRB9042yw1d_x9wohQSKA_zI","timestamp":"2025-11-11T17:13:13.018Z"}
{"level":"error","message":"--- Error Handler ---","timestamp":"2025-11-11T17:13:13.019Z"}
{"level":"error","message":"Name:","timestamp":"2025-11-11T17:13:13.020Z"}
{"level":"info","message":"invalid signature","name":"JsonWebTokenError","timestamp":"2025-11-11T17:13:13.020Z"}
{"level":"error","message":"Message:","timestamp":"2025-11-11T17:13:13.020Z"}
{"level":"error","message":"Stack:","timestamp":"2025-11-11T17:13:13.020Z"}
{"level":"error","message":"----------------------","timestamp":"2025-11-11T17:13:13.021Z"}
{"level":"info","message":"from refresh token req.body : {\"__stripe_mid\":\"ad6f3088-818a-48d5-a05e-3c69aaa10f5a86574e\",\"accessToken\":\"eyJhbGciOiJIUzI1NiIsInR5cCI6IkpXVCJ9.eyJpZCI6IjY4ZGExNjEwYzc0MDk4YjJhZWY3YzVmNiIsInJvbGUiOiJ1c2VyIiwiaWF0IjoxNzYyODc4NjYwLCJleHAiOjE3NjI4Nzk1NjB9.I8TjuUpTXyXy4ml_na2tp3I8fUdyUwOZBhjUoBwu9I4\",\"refreshToken\":\"eyJhbGciOiJIUzI1NiIsInR5cCI6IkpXVCJ9.eyJpZCI6IjY4ZGExNjEwYzc0MDk4YjJhZWY3YzVmNiIsInJvbGUiOiJ1c2VyIiwiaWF0IjoxNzYyODc4NjYwLCJleHAiOjE3NjM0ODM0NjB9.AHnjk00RQkC8SdaZPA5sRB9042yw1d_x9wohQSKA_zI\",\"__next_hmr_refresh_hash__\":\"791\"}","timestamp":"2025-11-11T17:13:13.022Z"}
{"level":"info","message":"userId:eyJhbGciOiJIUzI1NiIsInR5cCI6IkpXVCJ9.eyJpZCI6IjY4ZGExNjEwYzc0MDk4YjJhZWY3YzVmNiIsInJvbGUiOiJ1c2VyIiwiaWF0IjoxNzYyODc4NjYwLCJleHAiOjE3NjM0ODM0NjB9.AHnjk00RQkC8SdaZPA5sRB9042yw1d_x9wohQSKA_zI","timestamp":"2025-11-11T17:13:13.023Z"}
{"level":"error","message":"--- Error Handler ---","timestamp":"2025-11-11T17:13:13.025Z"}
{"level":"error","message":"Name:","timestamp":"2025-11-11T17:13:13.025Z"}
{"level":"info","message":"invalid signature","name":"JsonWebTokenError","timestamp":"2025-11-11T17:13:13.026Z"}
{"level":"error","message":"Message:","timestamp":"2025-11-11T17:13:13.026Z"}
{"level":"error","message":"Stack:","timestamp":"2025-11-11T17:13:13.027Z"}
{"level":"error","message":"----------------------","timestamp":"2025-11-11T17:13:13.028Z"}
{"level":"info","message":[{"availableFoods":["sadfasdf","asdfsadf","asdfasdf"],"description":"sfg gsadf gsdfgsdfg ","discoveries":[],"duration":"1 day","id":"69118556f5e2c062368a9590","images":["https://res.cloudinary.com/djcbn6fkv/image/upload/v1762763343/Travel-Truck-Vendor-Document/llnwjaeynrhexj0uivdc.jpg"],"itinerary":[{"_id":"69118556f5e2c062368a9591","activities":["asdf","asdfsaf"],"day":1,"title":"sdf"},{"_id":"69118556f5e2c062368a9592","activities":["sadfadsf","asdfsdf"],"day":2,"title":"asdfsda"}],"price":234234,"title":"dasf"}],"timestamp":"2025-11-11T17:13:14.367Z"}
{"level":"error","message":"Failed to verify token: jwt expired","timestamp":"2025-11-11T17:13:14.405Z"}
{"level":"error","message":"Failed to verify token: jwt expired","timestamp":"2025-11-11T17:13:14.410Z"}
{"level":"info","message":[{"availableFoods":["sadfasdf","asdfsadf","asdfasdf"],"description":"sfg gsadf gsdfgsdfg ","discoveries":[],"duration":"1 day","id":"69118556f5e2c062368a9590","images":["https://res.cloudinary.com/djcbn6fkv/image/upload/v1762763343/Travel-Truck-Vendor-Document/llnwjaeynrhexj0uivdc.jpg"],"itinerary":[{"_id":"69118556f5e2c062368a9591","activities":["asdf","asdfsaf"],"day":1,"title":"sdf"},{"_id":"69118556f5e2c062368a9592","activities":["sadfadsf","asdfsdf"],"day":2,"title":"asdfsda"}],"price":234234,"title":"dasf"}],"timestamp":"2025-11-11T17:13:14.421Z"}
{"level":"info","message":"from refresh token req.body : {\"__stripe_mid\":\"ad6f3088-818a-48d5-a05e-3c69aaa10f5a86574e\",\"accessToken\":\"eyJhbGciOiJIUzI1NiIsInR5cCI6IkpXVCJ9.eyJpZCI6IjY4ZGExNjEwYzc0MDk4YjJhZWY3YzVmNiIsInJvbGUiOiJ1c2VyIiwiaWF0IjoxNzYyODc4NjYwLCJleHAiOjE3NjI4Nzk1NjB9.I8TjuUpTXyXy4ml_na2tp3I8fUdyUwOZBhjUoBwu9I4\",\"refreshToken\":\"eyJhbGciOiJIUzI1NiIsInR5cCI6IkpXVCJ9.eyJpZCI6IjY4ZGExNjEwYzc0MDk4YjJhZWY3YzVmNiIsInJvbGUiOiJ1c2VyIiwiaWF0IjoxNzYyODc4NjYwLCJleHAiOjE3NjM0ODM0NjB9.AHnjk00RQkC8SdaZPA5sRB9042yw1d_x9wohQSKA_zI\",\"__next_hmr_refresh_hash__\":\"791\"}","timestamp":"2025-11-11T17:13:14.438Z"}
{"level":"info","message":"userId:eyJhbGciOiJIUzI1NiIsInR5cCI6IkpXVCJ9.eyJpZCI6IjY4ZGExNjEwYzc0MDk4YjJhZWY3YzVmNiIsInJvbGUiOiJ1c2VyIiwiaWF0IjoxNzYyODc4NjYwLCJleHAiOjE3NjM0ODM0NjB9.AHnjk00RQkC8SdaZPA5sRB9042yw1d_x9wohQSKA_zI","timestamp":"2025-11-11T17:13:14.442Z"}
{"level":"error","message":"--- Error Handler ---","timestamp":"2025-11-11T17:13:14.450Z"}
{"level":"error","message":"Name:","timestamp":"2025-11-11T17:13:14.452Z"}
{"level":"info","message":"invalid signature","name":"JsonWebTokenError","timestamp":"2025-11-11T17:13:14.454Z"}
{"level":"error","message":"Message:","timestamp":"2025-11-11T17:13:14.456Z"}
{"level":"error","message":"Stack:","timestamp":"2025-11-11T17:13:14.457Z"}
{"level":"error","message":"----------------------","timestamp":"2025-11-11T17:13:14.458Z"}
{"level":"info","message":"from refresh token req.body : {\"__stripe_mid\":\"ad6f3088-818a-48d5-a05e-3c69aaa10f5a86574e\",\"accessToken\":\"eyJhbGciOiJIUzI1NiIsInR5cCI6IkpXVCJ9.eyJpZCI6IjY4ZGExNjEwYzc0MDk4YjJhZWY3YzVmNiIsInJvbGUiOiJ1c2VyIiwiaWF0IjoxNzYyODc4NjYwLCJleHAiOjE3NjI4Nzk1NjB9.I8TjuUpTXyXy4ml_na2tp3I8fUdyUwOZBhjUoBwu9I4\",\"refreshToken\":\"eyJhbGciOiJIUzI1NiIsInR5cCI6IkpXVCJ9.eyJpZCI6IjY4ZGExNjEwYzc0MDk4YjJhZWY3YzVmNiIsInJvbGUiOiJ1c2VyIiwiaWF0IjoxNzYyODc4NjYwLCJleHAiOjE3NjM0ODM0NjB9.AHnjk00RQkC8SdaZPA5sRB9042yw1d_x9wohQSKA_zI\",\"__next_hmr_refresh_hash__\":\"791\"}","timestamp":"2025-11-11T17:13:14.466Z"}
{"level":"info","message":"userId:eyJhbGciOiJIUzI1NiIsInR5cCI6IkpXVCJ9.eyJpZCI6IjY4ZGExNjEwYzc0MDk4YjJhZWY3YzVmNiIsInJvbGUiOiJ1c2VyIiwiaWF0IjoxNzYyODc4NjYwLCJleHAiOjE3NjM0ODM0NjB9.AHnjk00RQkC8SdaZPA5sRB9042yw1d_x9wohQSKA_zI","timestamp":"2025-11-11T17:13:14.469Z"}
{"level":"error","message":"--- Error Handler ---","timestamp":"2025-11-11T17:13:14.472Z"}
{"level":"error","message":"Name:","timestamp":"2025-11-11T17:13:14.473Z"}
{"level":"info","message":"invalid signature","name":"JsonWebTokenError","timestamp":"2025-11-11T17:13:14.474Z"}
{"level":"error","message":"Message:","timestamp":"2025-11-11T17:13:14.474Z"}
{"level":"error","message":"Stack:","timestamp":"2025-11-11T17:13:14.474Z"}
{"level":"error","message":"----------------------","timestamp":"2025-11-11T17:13:14.475Z"}
{"level":"info","message":[{"availableFoods":["sadfasdf","asdfsadf","asdfasdf"],"description":"sfg gsadf gsdfgsdfg ","discoveries":[],"duration":"1 day","id":"69118556f5e2c062368a9590","images":["https://res.cloudinary.com/djcbn6fkv/image/upload/v1762763343/Travel-Truck-Vendor-Document/llnwjaeynrhexj0uivdc.jpg"],"itinerary":[{"_id":"69118556f5e2c062368a9591","activities":["asdf","asdfsaf"],"day":1,"title":"sdf"},{"_id":"69118556f5e2c062368a9592","activities":["sadfadsf","asdfsdf"],"day":2,"title":"asdfsda"}],"price":234234,"title":"dasf"}],"timestamp":"2025-11-11T17:13:15.323Z"}
{"level":"error","message":"Failed to verify token: jwt expired","timestamp":"2025-11-11T17:13:15.358Z"}
{"level":"error","message":"Failed to verify token: jwt expired","timestamp":"2025-11-11T17:13:15.367Z"}
{"level":"info","message":"from refresh token req.body : {\"__stripe_mid\":\"ad6f3088-818a-48d5-a05e-3c69aaa10f5a86574e\",\"accessToken\":\"eyJhbGciOiJIUzI1NiIsInR5cCI6IkpXVCJ9.eyJpZCI6IjY4ZGExNjEwYzc0MDk4YjJhZWY3YzVmNiIsInJvbGUiOiJ1c2VyIiwiaWF0IjoxNzYyODc4NjYwLCJleHAiOjE3NjI4Nzk1NjB9.I8TjuUpTXyXy4ml_na2tp3I8fUdyUwOZBhjUoBwu9I4\",\"refreshToken\":\"eyJhbGciOiJIUzI1NiIsInR5cCI6IkpXVCJ9.eyJpZCI6IjY4ZGExNjEwYzc0MDk4YjJhZWY3YzVmNiIsInJvbGUiOiJ1c2VyIiwiaWF0IjoxNzYyODc4NjYwLCJleHAiOjE3NjM0ODM0NjB9.AHnjk00RQkC8SdaZPA5sRB9042yw1d_x9wohQSKA_zI\",\"__next_hmr_refresh_hash__\":\"791\"}","timestamp":"2025-11-11T17:13:15.375Z"}
{"level":"info","message":"userId:eyJhbGciOiJIUzI1NiIsInR5cCI6IkpXVCJ9.eyJpZCI6IjY4ZGExNjEwYzc0MDk4YjJhZWY3YzVmNiIsInJvbGUiOiJ1c2VyIiwiaWF0IjoxNzYyODc4NjYwLCJleHAiOjE3NjM0ODM0NjB9.AHnjk00RQkC8SdaZPA5sRB9042yw1d_x9wohQSKA_zI","timestamp":"2025-11-11T17:13:15.378Z"}
{"level":"error","message":"--- Error Handler ---","timestamp":"2025-11-11T17:13:15.382Z"}
{"level":"error","message":"Name:","timestamp":"2025-11-11T17:13:15.383Z"}
{"level":"info","message":"invalid signature","name":"JsonWebTokenError","timestamp":"2025-11-11T17:13:15.384Z"}
{"level":"error","message":"Message:","timestamp":"2025-11-11T17:13:15.385Z"}
{"level":"error","message":"Stack:","timestamp":"2025-11-11T17:13:15.386Z"}
{"level":"error","message":"----------------------","timestamp":"2025-11-11T17:13:15.386Z"}
{"level":"info","message":[{"availableFoods":["sadfasdf","asdfsadf","asdfasdf"],"description":"sfg gsadf gsdfgsdfg ","discoveries":[],"duration":"1 day","id":"69118556f5e2c062368a9590","images":["https://res.cloudinary.com/djcbn6fkv/image/upload/v1762763343/Travel-Truck-Vendor-Document/llnwjaeynrhexj0uivdc.jpg"],"itinerary":[{"_id":"69118556f5e2c062368a9591","activities":["asdf","asdfsaf"],"day":1,"title":"sdf"},{"_id":"69118556f5e2c062368a9592","activities":["sadfadsf","asdfsdf"],"day":2,"title":"asdfsda"}],"price":234234,"title":"dasf"}],"timestamp":"2025-11-11T17:13:15.389Z"}
{"level":"info","message":"from refresh token req.body : {\"__stripe_mid\":\"ad6f3088-818a-48d5-a05e-3c69aaa10f5a86574e\",\"accessToken\":\"eyJhbGciOiJIUzI1NiIsInR5cCI6IkpXVCJ9.eyJpZCI6IjY4ZGExNjEwYzc0MDk4YjJhZWY3YzVmNiIsInJvbGUiOiJ1c2VyIiwiaWF0IjoxNzYyODc4NjYwLCJleHAiOjE3NjI4Nzk1NjB9.I8TjuUpTXyXy4ml_na2tp3I8fUdyUwOZBhjUoBwu9I4\",\"refreshToken\":\"eyJhbGciOiJIUzI1NiIsInR5cCI6IkpXVCJ9.eyJpZCI6IjY4ZGExNjEwYzc0MDk4YjJhZWY3YzVmNiIsInJvbGUiOiJ1c2VyIiwiaWF0IjoxNzYyODc4NjYwLCJleHAiOjE3NjM0ODM0NjB9.AHnjk00RQkC8SdaZPA5sRB9042yw1d_x9wohQSKA_zI\",\"__next_hmr_refresh_hash__\":\"791\"}","timestamp":"2025-11-11T17:13:15.393Z"}
{"level":"info","message":"userId:eyJhbGciOiJIUzI1NiIsInR5cCI6IkpXVCJ9.eyJpZCI6IjY4ZGExNjEwYzc0MDk4YjJhZWY3YzVmNiIsInJvbGUiOiJ1c2VyIiwiaWF0IjoxNzYyODc4NjYwLCJleHAiOjE3NjM0ODM0NjB9.AHnjk00RQkC8SdaZPA5sRB9042yw1d_x9wohQSKA_zI","timestamp":"2025-11-11T17:13:15.395Z"}
{"level":"error","message":"--- Error Handler ---","timestamp":"2025-11-11T17:13:15.398Z"}
{"level":"error","message":"Name:","timestamp":"2025-11-11T17:13:15.399Z"}
{"level":"info","message":"invalid signature","name":"JsonWebTokenError","timestamp":"2025-11-11T17:13:15.399Z"}
{"level":"error","message":"Message:","timestamp":"2025-11-11T17:13:15.400Z"}
{"level":"error","message":"Stack:","timestamp":"2025-11-11T17:13:15.400Z"}
{"level":"error","message":"----------------------","timestamp":"2025-11-11T17:13:15.401Z"}
{"level":"info","message":[{"availableFoods":["sadfasdf","asdfsadf","asdfasdf"],"description":"sfg gsadf gsdfgsdfg ","discoveries":[],"duration":"1 day","id":"69118556f5e2c062368a9590","images":["https://res.cloudinary.com/djcbn6fkv/image/upload/v1762763343/Travel-Truck-Vendor-Document/llnwjaeynrhexj0uivdc.jpg"],"itinerary":[{"_id":"69118556f5e2c062368a9591","activities":["asdf","asdfsaf"],"day":1,"title":"sdf"},{"_id":"69118556f5e2c062368a9592","activities":["sadfadsf","asdfsdf"],"day":2,"title":"asdfsda"}],"price":234234,"title":"dasf"}],"timestamp":"2025-11-11T17:13:16.056Z"}
{"level":"info","message":[{"availableFoods":["sadfasdf","asdfsadf","asdfasdf"],"description":"sfg gsadf gsdfgsdfg ","discoveries":[],"duration":"1 day","id":"69118556f5e2c062368a9590","images":["https://res.cloudinary.com/djcbn6fkv/image/upload/v1762763343/Travel-Truck-Vendor-Document/llnwjaeynrhexj0uivdc.jpg"],"itinerary":[{"_id":"69118556f5e2c062368a9591","activities":["asdf","asdfsaf"],"day":1,"title":"sdf"},{"_id":"69118556f5e2c062368a9592","activities":["sadfadsf","asdfsdf"],"day":2,"title":"asdfsda"}],"price":234234,"title":"dasf"}],"timestamp":"2025-11-11T17:13:16.112Z"}
{"level":"error","message":"Failed to verify token: jwt expired","timestamp":"2025-11-11T17:13:16.155Z"}
{"level":"error","message":"Failed to verify token: jwt expired","timestamp":"2025-11-11T17:13:16.158Z"}
{"level":"info","message":"from refresh token req.body : {\"__stripe_mid\":\"ad6f3088-818a-48d5-a05e-3c69aaa10f5a86574e\",\"accessToken\":\"eyJhbGciOiJIUzI1NiIsInR5cCI6IkpXVCJ9.eyJpZCI6IjY4ZGExNjEwYzc0MDk4YjJhZWY3YzVmNiIsInJvbGUiOiJ1c2VyIiwiaWF0IjoxNzYyODc4NjYwLCJleHAiOjE3NjI4Nzk1NjB9.I8TjuUpTXyXy4ml_na2tp3I8fUdyUwOZBhjUoBwu9I4\",\"refreshToken\":\"eyJhbGciOiJIUzI1NiIsInR5cCI6IkpXVCJ9.eyJpZCI6IjY4ZGExNjEwYzc0MDk4YjJhZWY3YzVmNiIsInJvbGUiOiJ1c2VyIiwiaWF0IjoxNzYyODc4NjYwLCJleHAiOjE3NjM0ODM0NjB9.AHnjk00RQkC8SdaZPA5sRB9042yw1d_x9wohQSKA_zI\",\"__next_hmr_refresh_hash__\":\"791\"}","timestamp":"2025-11-11T17:13:16.169Z"}
{"level":"info","message":"userId:eyJhbGciOiJIUzI1NiIsInR5cCI6IkpXVCJ9.eyJpZCI6IjY4ZGExNjEwYzc0MDk4YjJhZWY3YzVmNiIsInJvbGUiOiJ1c2VyIiwiaWF0IjoxNzYyODc4NjYwLCJleHAiOjE3NjM0ODM0NjB9.AHnjk00RQkC8SdaZPA5sRB9042yw1d_x9wohQSKA_zI","timestamp":"2025-11-11T17:13:16.171Z"}
{"level":"error","message":"--- Error Handler ---","timestamp":"2025-11-11T17:13:16.173Z"}
{"level":"error","message":"Name:","timestamp":"2025-11-11T17:13:16.173Z"}
{"level":"info","message":"invalid signature","name":"JsonWebTokenError","timestamp":"2025-11-11T17:13:16.174Z"}
{"level":"error","message":"Message:","timestamp":"2025-11-11T17:13:16.174Z"}
{"level":"error","message":"Stack:","timestamp":"2025-11-11T17:13:16.174Z"}
{"level":"error","message":"----------------------","timestamp":"2025-11-11T17:13:16.174Z"}
{"level":"info","message":"from refresh token req.body : {\"__stripe_mid\":\"ad6f3088-818a-48d5-a05e-3c69aaa10f5a86574e\",\"accessToken\":\"eyJhbGciOiJIUzI1NiIsInR5cCI6IkpXVCJ9.eyJpZCI6IjY4ZGExNjEwYzc0MDk4YjJhZWY3YzVmNiIsInJvbGUiOiJ1c2VyIiwiaWF0IjoxNzYyODc4NjYwLCJleHAiOjE3NjI4Nzk1NjB9.I8TjuUpTXyXy4ml_na2tp3I8fUdyUwOZBhjUoBwu9I4\",\"refreshToken\":\"eyJhbGciOiJIUzI1NiIsInR5cCI6IkpXVCJ9.eyJpZCI6IjY4ZGExNjEwYzc0MDk4YjJhZWY3YzVmNiIsInJvbGUiOiJ1c2VyIiwiaWF0IjoxNzYyODc4NjYwLCJleHAiOjE3NjM0ODM0NjB9.AHnjk00RQkC8SdaZPA5sRB9042yw1d_x9wohQSKA_zI\",\"__next_hmr_refresh_hash__\":\"791\"}","timestamp":"2025-11-11T17:13:16.176Z"}
{"level":"info","message":"userId:eyJhbGciOiJIUzI1NiIsInR5cCI6IkpXVCJ9.eyJpZCI6IjY4ZGExNjEwYzc0MDk4YjJhZWY3YzVmNiIsInJvbGUiOiJ1c2VyIiwiaWF0IjoxNzYyODc4NjYwLCJleHAiOjE3NjM0ODM0NjB9.AHnjk00RQkC8SdaZPA5sRB9042yw1d_x9wohQSKA_zI","timestamp":"2025-11-11T17:13:16.177Z"}
{"level":"error","message":"--- Error Handler ---","timestamp":"2025-11-11T17:13:16.179Z"}
{"level":"error","message":"Name:","timestamp":"2025-11-11T17:13:16.180Z"}
{"level":"info","message":"invalid signature","name":"JsonWebTokenError","timestamp":"2025-11-11T17:13:16.180Z"}
{"level":"error","message":"Message:","timestamp":"2025-11-11T17:13:16.181Z"}
{"level":"error","message":"Stack:","timestamp":"2025-11-11T17:13:16.181Z"}
{"level":"error","message":"----------------------","timestamp":"2025-11-11T17:13:16.182Z"}
{"level":"info","message":[{"availableFoods":["sadfasdf","asdfsadf","asdfasdf"],"description":"sfg gsadf gsdfgsdfg ","discoveries":[],"duration":"1 day","id":"69118556f5e2c062368a9590","images":["https://res.cloudinary.com/djcbn6fkv/image/upload/v1762763343/Travel-Truck-Vendor-Document/llnwjaeynrhexj0uivdc.jpg"],"itinerary":[{"_id":"69118556f5e2c062368a9591","activities":["asdf","asdfsaf"],"day":1,"title":"sdf"},{"_id":"69118556f5e2c062368a9592","activities":["sadfadsf","asdfsdf"],"day":2,"title":"asdfsda"}],"price":234234,"title":"dasf"}],"timestamp":"2025-11-11T17:13:16.887Z"}
{"level":"error","message":"Failed to verify token: jwt expired","timestamp":"2025-11-11T17:13:16.914Z"}
{"level":"error","message":"Failed to verify token: jwt expired","timestamp":"2025-11-11T17:13:16.918Z"}
{"level":"info","message":"from refresh token req.body : {\"__stripe_mid\":\"ad6f3088-818a-48d5-a05e-3c69aaa10f5a86574e\",\"accessToken\":\"eyJhbGciOiJIUzI1NiIsInR5cCI6IkpXVCJ9.eyJpZCI6IjY4ZGExNjEwYzc0MDk4YjJhZWY3YzVmNiIsInJvbGUiOiJ1c2VyIiwiaWF0IjoxNzYyODc4NjYwLCJleHAiOjE3NjI4Nzk1NjB9.I8TjuUpTXyXy4ml_na2tp3I8fUdyUwOZBhjUoBwu9I4\",\"refreshToken\":\"eyJhbGciOiJIUzI1NiIsInR5cCI6IkpXVCJ9.eyJpZCI6IjY4ZGExNjEwYzc0MDk4YjJhZWY3YzVmNiIsInJvbGUiOiJ1c2VyIiwiaWF0IjoxNzYyODc4NjYwLCJleHAiOjE3NjM0ODM0NjB9.AHnjk00RQkC8SdaZPA5sRB9042yw1d_x9wohQSKA_zI\",\"__next_hmr_refresh_hash__\":\"791\"}","timestamp":"2025-11-11T17:13:16.924Z"}
{"level":"info","message":"userId:eyJhbGciOiJIUzI1NiIsInR5cCI6IkpXVCJ9.eyJpZCI6IjY4ZGExNjEwYzc0MDk4YjJhZWY3YzVmNiIsInJvbGUiOiJ1c2VyIiwiaWF0IjoxNzYyODc4NjYwLCJleHAiOjE3NjM0ODM0NjB9.AHnjk00RQkC8SdaZPA5sRB9042yw1d_x9wohQSKA_zI","timestamp":"2025-11-11T17:13:16.925Z"}
{"level":"error","message":"--- Error Handler ---","timestamp":"2025-11-11T17:13:16.928Z"}
{"level":"error","message":"Name:","timestamp":"2025-11-11T17:13:16.928Z"}
{"level":"info","message":"invalid signature","name":"JsonWebTokenError","timestamp":"2025-11-11T17:13:16.929Z"}
{"level":"error","message":"Message:","timestamp":"2025-11-11T17:13:16.929Z"}
{"level":"error","message":"Stack:","timestamp":"2025-11-11T17:13:16.929Z"}
{"level":"error","message":"----------------------","timestamp":"2025-11-11T17:13:16.930Z"}
{"level":"info","message":"from refresh token req.body : {\"__stripe_mid\":\"ad6f3088-818a-48d5-a05e-3c69aaa10f5a86574e\",\"accessToken\":\"eyJhbGciOiJIUzI1NiIsInR5cCI6IkpXVCJ9.eyJpZCI6IjY4ZGExNjEwYzc0MDk4YjJhZWY3YzVmNiIsInJvbGUiOiJ1c2VyIiwiaWF0IjoxNzYyODc4NjYwLCJleHAiOjE3NjI4Nzk1NjB9.I8TjuUpTXyXy4ml_na2tp3I8fUdyUwOZBhjUoBwu9I4\",\"refreshToken\":\"eyJhbGciOiJIUzI1NiIsInR5cCI6IkpXVCJ9.eyJpZCI6IjY4ZGExNjEwYzc0MDk4YjJhZWY3YzVmNiIsInJvbGUiOiJ1c2VyIiwiaWF0IjoxNzYyODc4NjYwLCJleHAiOjE3NjM0ODM0NjB9.AHnjk00RQkC8SdaZPA5sRB9042yw1d_x9wohQSKA_zI\",\"__next_hmr_refresh_hash__\":\"791\"}","timestamp":"2025-11-11T17:13:16.932Z"}
{"level":"info","message":"userId:eyJhbGciOiJIUzI1NiIsInR5cCI6IkpXVCJ9.eyJpZCI6IjY4ZGExNjEwYzc0MDk4YjJhZWY3YzVmNiIsInJvbGUiOiJ1c2VyIiwiaWF0IjoxNzYyODc4NjYwLCJleHAiOjE3NjM0ODM0NjB9.AHnjk00RQkC8SdaZPA5sRB9042yw1d_x9wohQSKA_zI","timestamp":"2025-11-11T17:13:16.933Z"}
{"level":"error","message":"--- Error Handler ---","timestamp":"2025-11-11T17:13:16.935Z"}
{"level":"error","message":"Name:","timestamp":"2025-11-11T17:13:16.935Z"}
{"level":"info","message":"invalid signature","name":"JsonWebTokenError","timestamp":"2025-11-11T17:13:16.936Z"}
{"level":"error","message":"Message:","timestamp":"2025-11-11T17:13:16.936Z"}
{"level":"error","message":"Stack:","timestamp":"2025-11-11T17:13:16.936Z"}
{"level":"error","message":"----------------------","timestamp":"2025-11-11T17:13:16.937Z"}
{"level":"info","message":[{"availableFoods":["sadfasdf","asdfsadf","asdfasdf"],"description":"sfg gsadf gsdfgsdfg ","discoveries":[],"duration":"1 day","id":"69118556f5e2c062368a9590","images":["https://res.cloudinary.com/djcbn6fkv/image/upload/v1762763343/Travel-Truck-Vendor-Document/llnwjaeynrhexj0uivdc.jpg"],"itinerary":[{"_id":"69118556f5e2c062368a9591","activities":["asdf","asdfsaf"],"day":1,"title":"sdf"},{"_id":"69118556f5e2c062368a9592","activities":["sadfadsf","asdfsdf"],"day":2,"title":"asdfsda"}],"price":234234,"title":"dasf"}],"timestamp":"2025-11-11T17:13:16.940Z"}
{"level":"info","message":[{"availableFoods":["sadfasdf","asdfsadf","asdfasdf"],"description":"sfg gsadf gsdfgsdfg ","discoveries":[],"duration":"1 day","id":"69118556f5e2c062368a9590","images":["https://res.cloudinary.com/djcbn6fkv/image/upload/v1762763343/Travel-Truck-Vendor-Document/llnwjaeynrhexj0uivdc.jpg"],"itinerary":[{"_id":"69118556f5e2c062368a9591","activities":["asdf","asdfsaf"],"day":1,"title":"sdf"},{"_id":"69118556f5e2c062368a9592","activities":["sadfadsf","asdfsdf"],"day":2,"title":"asdfsda"}],"price":234234,"title":"dasf"}],"timestamp":"2025-11-11T17:13:17.598Z"}
{"level":"error","message":"Failed to verify token: jwt expired","timestamp":"2025-11-11T17:13:17.630Z"}
{"level":"error","message":"Failed to verify token: jwt expired","timestamp":"2025-11-11T17:13:17.635Z"}
{"level":"info","message":"from refresh token req.body : {\"__stripe_mid\":\"ad6f3088-818a-48d5-a05e-3c69aaa10f5a86574e\",\"accessToken\":\"eyJhbGciOiJIUzI1NiIsInR5cCI6IkpXVCJ9.eyJpZCI6IjY4ZGExNjEwYzc0MDk4YjJhZWY3YzVmNiIsInJvbGUiOiJ1c2VyIiwiaWF0IjoxNzYyODc4NjYwLCJleHAiOjE3NjI4Nzk1NjB9.I8TjuUpTXyXy4ml_na2tp3I8fUdyUwOZBhjUoBwu9I4\",\"refreshToken\":\"eyJhbGciOiJIUzI1NiIsInR5cCI6IkpXVCJ9.eyJpZCI6IjY4ZGExNjEwYzc0MDk4YjJhZWY3YzVmNiIsInJvbGUiOiJ1c2VyIiwiaWF0IjoxNzYyODc4NjYwLCJleHAiOjE3NjM0ODM0NjB9.AHnjk00RQkC8SdaZPA5sRB9042yw1d_x9wohQSKA_zI\",\"__next_hmr_refresh_hash__\":\"791\"}","timestamp":"2025-11-11T17:13:17.642Z"}
{"level":"info","message":"userId:eyJhbGciOiJIUzI1NiIsInR5cCI6IkpXVCJ9.eyJpZCI6IjY4ZGExNjEwYzc0MDk4YjJhZWY3YzVmNiIsInJvbGUiOiJ1c2VyIiwiaWF0IjoxNzYyODc4NjYwLCJleHAiOjE3NjM0ODM0NjB9.AHnjk00RQkC8SdaZPA5sRB9042yw1d_x9wohQSKA_zI","timestamp":"2025-11-11T17:13:17.643Z"}
{"level":"error","message":"--- Error Handler ---","timestamp":"2025-11-11T17:13:17.646Z"}
{"level":"error","message":"Name:","timestamp":"2025-11-11T17:13:17.647Z"}
{"level":"info","message":"invalid signature","name":"JsonWebTokenError","timestamp":"2025-11-11T17:13:17.647Z"}
{"level":"error","message":"Message:","timestamp":"2025-11-11T17:13:17.647Z"}
{"level":"error","message":"Stack:","timestamp":"2025-11-11T17:13:17.648Z"}
{"level":"error","message":"----------------------","timestamp":"2025-11-11T17:13:17.648Z"}
{"level":"info","message":"from refresh token req.body : {\"__stripe_mid\":\"ad6f3088-818a-48d5-a05e-3c69aaa10f5a86574e\",\"accessToken\":\"eyJhbGciOiJIUzI1NiIsInR5cCI6IkpXVCJ9.eyJpZCI6IjY4ZGExNjEwYzc0MDk4YjJhZWY3YzVmNiIsInJvbGUiOiJ1c2VyIiwiaWF0IjoxNzYyODc4NjYwLCJleHAiOjE3NjI4Nzk1NjB9.I8TjuUpTXyXy4ml_na2tp3I8fUdyUwOZBhjUoBwu9I4\",\"refreshToken\":\"eyJhbGciOiJIUzI1NiIsInR5cCI6IkpXVCJ9.eyJpZCI6IjY4ZGExNjEwYzc0MDk4YjJhZWY3YzVmNiIsInJvbGUiOiJ1c2VyIiwiaWF0IjoxNzYyODc4NjYwLCJleHAiOjE3NjM0ODM0NjB9.AHnjk00RQkC8SdaZPA5sRB9042yw1d_x9wohQSKA_zI\",\"__next_hmr_refresh_hash__\":\"791\"}","timestamp":"2025-11-11T17:13:17.652Z"}
{"level":"info","message":"userId:eyJhbGciOiJIUzI1NiIsInR5cCI6IkpXVCJ9.eyJpZCI6IjY4ZGExNjEwYzc0MDk4YjJhZWY3YzVmNiIsInJvbGUiOiJ1c2VyIiwiaWF0IjoxNzYyODc4NjYwLCJleHAiOjE3NjM0ODM0NjB9.AHnjk00RQkC8SdaZPA5sRB9042yw1d_x9wohQSKA_zI","timestamp":"2025-11-11T17:13:17.653Z"}
{"level":"error","message":"--- Error Handler ---","timestamp":"2025-11-11T17:13:17.655Z"}
{"level":"error","message":"Name:","timestamp":"2025-11-11T17:13:17.656Z"}
{"level":"info","message":"invalid signature","name":"JsonWebTokenError","timestamp":"2025-11-11T17:13:17.656Z"}
{"level":"error","message":"Message:","timestamp":"2025-11-11T17:13:17.657Z"}
{"level":"error","message":"Stack:","timestamp":"2025-11-11T17:13:17.657Z"}
{"level":"error","message":"----------------------","timestamp":"2025-11-11T17:13:17.657Z"}
{"level":"info","message":[{"availableFoods":["sadfasdf","asdfsadf","asdfasdf"],"description":"sfg gsadf gsdfgsdfg ","discoveries":[],"duration":"1 day","id":"69118556f5e2c062368a9590","images":["https://res.cloudinary.com/djcbn6fkv/image/upload/v1762763343/Travel-Truck-Vendor-Document/llnwjaeynrhexj0uivdc.jpg"],"itinerary":[{"_id":"69118556f5e2c062368a9591","activities":["asdf","asdfsaf"],"day":1,"title":"sdf"},{"_id":"69118556f5e2c062368a9592","activities":["sadfadsf","asdfsdf"],"day":2,"title":"asdfsda"}],"price":234234,"title":"dasf"}],"timestamp":"2025-11-11T17:13:17.661Z"}
{"level":"info","message":[{"availableFoods":["sadfasdf","asdfsadf","asdfasdf"],"description":"sfg gsadf gsdfgsdfg ","discoveries":[],"duration":"1 day","id":"69118556f5e2c062368a9590","images":["https://res.cloudinary.com/djcbn6fkv/image/upload/v1762763343/Travel-Truck-Vendor-Document/llnwjaeynrhexj0uivdc.jpg"],"itinerary":[{"_id":"69118556f5e2c062368a9591","activities":["asdf","asdfsaf"],"day":1,"title":"sdf"},{"_id":"69118556f5e2c062368a9592","activities":["sadfadsf","asdfsdf"],"day":2,"title":"asdfsda"}],"price":234234,"title":"dasf"}],"timestamp":"2025-11-11T17:13:18.384Z"}
{"level":"error","message":"Failed to verify token: jwt expired","timestamp":"2025-11-11T17:13:18.407Z"}
{"level":"error","message":"Failed to verify token: jwt expired","timestamp":"2025-11-11T17:13:18.410Z"}
{"level":"info","message":"from refresh token req.body : {\"__stripe_mid\":\"ad6f3088-818a-48d5-a05e-3c69aaa10f5a86574e\",\"accessToken\":\"eyJhbGciOiJIUzI1NiIsInR5cCI6IkpXVCJ9.eyJpZCI6IjY4ZGExNjEwYzc0MDk4YjJhZWY3YzVmNiIsInJvbGUiOiJ1c2VyIiwiaWF0IjoxNzYyODc4NjYwLCJleHAiOjE3NjI4Nzk1NjB9.I8TjuUpTXyXy4ml_na2tp3I8fUdyUwOZBhjUoBwu9I4\",\"refreshToken\":\"eyJhbGciOiJIUzI1NiIsInR5cCI6IkpXVCJ9.eyJpZCI6IjY4ZGExNjEwYzc0MDk4YjJhZWY3YzVmNiIsInJvbGUiOiJ1c2VyIiwiaWF0IjoxNzYyODc4NjYwLCJleHAiOjE3NjM0ODM0NjB9.AHnjk00RQkC8SdaZPA5sRB9042yw1d_x9wohQSKA_zI\",\"__next_hmr_refresh_hash__\":\"791\"}","timestamp":"2025-11-11T17:13:18.418Z"}
{"level":"info","message":"userId:eyJhbGciOiJIUzI1NiIsInR5cCI6IkpXVCJ9.eyJpZCI6IjY4ZGExNjEwYzc0MDk4YjJhZWY3YzVmNiIsInJvbGUiOiJ1c2VyIiwiaWF0IjoxNzYyODc4NjYwLCJleHAiOjE3NjM0ODM0NjB9.AHnjk00RQkC8SdaZPA5sRB9042yw1d_x9wohQSKA_zI","timestamp":"2025-11-11T17:13:18.419Z"}
{"level":"error","message":"--- Error Handler ---","timestamp":"2025-11-11T17:13:18.420Z"}
{"level":"error","message":"Name:","timestamp":"2025-11-11T17:13:18.420Z"}
{"level":"info","message":"invalid signature","name":"JsonWebTokenError","timestamp":"2025-11-11T17:13:18.420Z"}
{"level":"error","message":"Message:","timestamp":"2025-11-11T17:13:18.420Z"}
{"level":"error","message":"Stack:","timestamp":"2025-11-11T17:13:18.421Z"}
{"level":"error","message":"----------------------","timestamp":"2025-11-11T17:13:18.421Z"}
{"level":"info","message":"from refresh token req.body : {\"__stripe_mid\":\"ad6f3088-818a-48d5-a05e-3c69aaa10f5a86574e\",\"accessToken\":\"eyJhbGciOiJIUzI1NiIsInR5cCI6IkpXVCJ9.eyJpZCI6IjY4ZGExNjEwYzc0MDk4YjJhZWY3YzVmNiIsInJvbGUiOiJ1c2VyIiwiaWF0IjoxNzYyODc4NjYwLCJleHAiOjE3NjI4Nzk1NjB9.I8TjuUpTXyXy4ml_na2tp3I8fUdyUwOZBhjUoBwu9I4\",\"refreshToken\":\"eyJhbGciOiJIUzI1NiIsInR5cCI6IkpXVCJ9.eyJpZCI6IjY4ZGExNjEwYzc0MDk4YjJhZWY3YzVmNiIsInJvbGUiOiJ1c2VyIiwiaWF0IjoxNzYyODc4NjYwLCJleHAiOjE3NjM0ODM0NjB9.AHnjk00RQkC8SdaZPA5sRB9042yw1d_x9wohQSKA_zI\",\"__next_hmr_refresh_hash__\":\"791\"}","timestamp":"2025-11-11T17:13:18.422Z"}
{"level":"info","message":"userId:eyJhbGciOiJIUzI1NiIsInR5cCI6IkpXVCJ9.eyJpZCI6IjY4ZGExNjEwYzc0MDk4YjJhZWY3YzVmNiIsInJvbGUiOiJ1c2VyIiwiaWF0IjoxNzYyODc4NjYwLCJleHAiOjE3NjM0ODM0NjB9.AHnjk00RQkC8SdaZPA5sRB9042yw1d_x9wohQSKA_zI","timestamp":"2025-11-11T17:13:18.423Z"}
{"level":"error","message":"--- Error Handler ---","timestamp":"2025-11-11T17:13:18.425Z"}
{"level":"error","message":"Name:","timestamp":"2025-11-11T17:13:18.426Z"}
{"level":"info","message":"invalid signature","name":"JsonWebTokenError","timestamp":"2025-11-11T17:13:18.427Z"}
{"level":"error","message":"Message:","timestamp":"2025-11-11T17:13:18.428Z"}
{"level":"error","message":"Stack:","timestamp":"2025-11-11T17:13:18.472Z"}
{"level":"error","message":"----------------------","timestamp":"2025-11-11T17:13:18.481Z"}
{"level":"info","message":[{"availableFoods":["sadfasdf","asdfsadf","asdfasdf"],"description":"sfg gsadf gsdfgsdfg ","discoveries":[],"duration":"1 day","id":"69118556f5e2c062368a9590","images":["https://res.cloudinary.com/djcbn6fkv/image/upload/v1762763343/Travel-Truck-Vendor-Document/llnwjaeynrhexj0uivdc.jpg"],"itinerary":[{"_id":"69118556f5e2c062368a9591","activities":["asdf","asdfsaf"],"day":1,"title":"sdf"},{"_id":"69118556f5e2c062368a9592","activities":["sadfadsf","asdfsdf"],"day":2,"title":"asdfsda"}],"price":234234,"title":"dasf"}],"timestamp":"2025-11-11T17:13:18.533Z"}
{"level":"info","message":[{"availableFoods":["sadfasdf","asdfsadf","asdfasdf"],"description":"sfg gsadf gsdfgsdfg ","discoveries":[],"duration":"1 day","id":"69118556f5e2c062368a9590","images":["https://res.cloudinary.com/djcbn6fkv/image/upload/v1762763343/Travel-Truck-Vendor-Document/llnwjaeynrhexj0uivdc.jpg"],"itinerary":[{"_id":"69118556f5e2c062368a9591","activities":["asdf","asdfsaf"],"day":1,"title":"sdf"},{"_id":"69118556f5e2c062368a9592","activities":["sadfadsf","asdfsdf"],"day":2,"title":"asdfsda"}],"price":234234,"title":"dasf"}],"timestamp":"2025-11-11T17:13:19.273Z"}
{"level":"error","message":"Failed to verify token: jwt expired","timestamp":"2025-11-11T17:13:19.303Z"}
{"level":"error","message":"Failed to verify token: jwt expired","timestamp":"2025-11-11T17:13:19.306Z"}
{"level":"info","message":"from refresh token req.body : {\"__stripe_mid\":\"ad6f3088-818a-48d5-a05e-3c69aaa10f5a86574e\",\"accessToken\":\"eyJhbGciOiJIUzI1NiIsInR5cCI6IkpXVCJ9.eyJpZCI6IjY4ZGExNjEwYzc0MDk4YjJhZWY3YzVmNiIsInJvbGUiOiJ1c2VyIiwiaWF0IjoxNzYyODc4NjYwLCJleHAiOjE3NjI4Nzk1NjB9.I8TjuUpTXyXy4ml_na2tp3I8fUdyUwOZBhjUoBwu9I4\",\"refreshToken\":\"eyJhbGciOiJIUzI1NiIsInR5cCI6IkpXVCJ9.eyJpZCI6IjY4ZGExNjEwYzc0MDk4YjJhZWY3YzVmNiIsInJvbGUiOiJ1c2VyIiwiaWF0IjoxNzYyODc4NjYwLCJleHAiOjE3NjM0ODM0NjB9.AHnjk00RQkC8SdaZPA5sRB9042yw1d_x9wohQSKA_zI\",\"__next_hmr_refresh_hash__\":\"791\"}","timestamp":"2025-11-11T17:13:19.311Z"}
{"level":"info","message":"userId:eyJhbGciOiJIUzI1NiIsInR5cCI6IkpXVCJ9.eyJpZCI6IjY4ZGExNjEwYzc0MDk4YjJhZWY3YzVmNiIsInJvbGUiOiJ1c2VyIiwiaWF0IjoxNzYyODc4NjYwLCJleHAiOjE3NjM0ODM0NjB9.AHnjk00RQkC8SdaZPA5sRB9042yw1d_x9wohQSKA_zI","timestamp":"2025-11-11T17:13:19.312Z"}
{"level":"error","message":"--- Error Handler ---","timestamp":"2025-11-11T17:13:19.314Z"}
{"level":"error","message":"Name:","timestamp":"2025-11-11T17:13:19.314Z"}
{"level":"info","message":"invalid signature","name":"JsonWebTokenError","timestamp":"2025-11-11T17:13:19.315Z"}
{"level":"error","message":"Message:","timestamp":"2025-11-11T17:13:19.315Z"}
{"level":"error","message":"Stack:","timestamp":"2025-11-11T17:13:19.315Z"}
{"level":"error","message":"----------------------","timestamp":"2025-11-11T17:13:19.315Z"}
{"level":"info","message":"from refresh token req.body : {\"__stripe_mid\":\"ad6f3088-818a-48d5-a05e-3c69aaa10f5a86574e\",\"accessToken\":\"eyJhbGciOiJIUzI1NiIsInR5cCI6IkpXVCJ9.eyJpZCI6IjY4ZGExNjEwYzc0MDk4YjJhZWY3YzVmNiIsInJvbGUiOiJ1c2VyIiwiaWF0IjoxNzYyODc4NjYwLCJleHAiOjE3NjI4Nzk1NjB9.I8TjuUpTXyXy4ml_na2tp3I8fUdyUwOZBhjUoBwu9I4\",\"refreshToken\":\"eyJhbGciOiJIUzI1NiIsInR5cCI6IkpXVCJ9.eyJpZCI6IjY4ZGExNjEwYzc0MDk4YjJhZWY3YzVmNiIsInJvbGUiOiJ1c2VyIiwiaWF0IjoxNzYyODc4NjYwLCJleHAiOjE3NjM0ODM0NjB9.AHnjk00RQkC8SdaZPA5sRB9042yw1d_x9wohQSKA_zI\",\"__next_hmr_refresh_hash__\":\"791\"}","timestamp":"2025-11-11T17:13:19.318Z"}
{"level":"info","message":"userId:eyJhbGciOiJIUzI1NiIsInR5cCI6IkpXVCJ9.eyJpZCI6IjY4ZGExNjEwYzc0MDk4YjJhZWY3YzVmNiIsInJvbGUiOiJ1c2VyIiwiaWF0IjoxNzYyODc4NjYwLCJleHAiOjE3NjM0ODM0NjB9.AHnjk00RQkC8SdaZPA5sRB9042yw1d_x9wohQSKA_zI","timestamp":"2025-11-11T17:13:19.319Z"}
{"level":"error","message":"--- Error Handler ---","timestamp":"2025-11-11T17:13:19.320Z"}
{"level":"error","message":"Name:","timestamp":"2025-11-11T17:13:19.320Z"}
{"level":"info","message":"invalid signature","name":"JsonWebTokenError","timestamp":"2025-11-11T17:13:19.320Z"}
{"level":"error","message":"Message:","timestamp":"2025-11-11T17:13:19.321Z"}
{"level":"error","message":"Stack:","timestamp":"2025-11-11T17:13:19.321Z"}
{"level":"error","message":"----------------------","timestamp":"2025-11-11T17:13:19.321Z"}
{"level":"info","message":[{"availableFoods":["sadfasdf","asdfsadf","asdfasdf"],"description":"sfg gsadf gsdfgsdfg ","discoveries":[],"duration":"1 day","id":"69118556f5e2c062368a9590","images":["https://res.cloudinary.com/djcbn6fkv/image/upload/v1762763343/Travel-Truck-Vendor-Document/llnwjaeynrhexj0uivdc.jpg"],"itinerary":[{"_id":"69118556f5e2c062368a9591","activities":["asdf","asdfsaf"],"day":1,"title":"sdf"},{"_id":"69118556f5e2c062368a9592","activities":["sadfadsf","asdfsdf"],"day":2,"title":"asdfsda"}],"price":234234,"title":"dasf"}],"timestamp":"2025-11-11T17:13:19.328Z"}
{"level":"info","message":[{"availableFoods":["sadfasdf","asdfsadf","asdfasdf"],"description":"sfg gsadf gsdfgsdfg ","discoveries":[],"duration":"1 day","id":"69118556f5e2c062368a9590","images":["https://res.cloudinary.com/djcbn6fkv/image/upload/v1762763343/Travel-Truck-Vendor-Document/llnwjaeynrhexj0uivdc.jpg"],"itinerary":[{"_id":"69118556f5e2c062368a9591","activities":["asdf","asdfsaf"],"day":1,"title":"sdf"},{"_id":"69118556f5e2c062368a9592","activities":["sadfadsf","asdfsdf"],"day":2,"title":"asdfsda"}],"price":234234,"title":"dasf"}],"timestamp":"2025-11-11T17:13:19.983Z"}
{"level":"error","message":"Failed to verify token: jwt expired","timestamp":"2025-11-11T17:13:20.015Z"}
{"level":"error","message":"Failed to verify token: jwt expired","timestamp":"2025-11-11T17:13:20.019Z"}
{"level":"info","message":"from refresh token req.body : {\"__stripe_mid\":\"ad6f3088-818a-48d5-a05e-3c69aaa10f5a86574e\",\"accessToken\":\"eyJhbGciOiJIUzI1NiIsInR5cCI6IkpXVCJ9.eyJpZCI6IjY4ZGExNjEwYzc0MDk4YjJhZWY3YzVmNiIsInJvbGUiOiJ1c2VyIiwiaWF0IjoxNzYyODc4NjYwLCJleHAiOjE3NjI4Nzk1NjB9.I8TjuUpTXyXy4ml_na2tp3I8fUdyUwOZBhjUoBwu9I4\",\"refreshToken\":\"eyJhbGciOiJIUzI1NiIsInR5cCI6IkpXVCJ9.eyJpZCI6IjY4ZGExNjEwYzc0MDk4YjJhZWY3YzVmNiIsInJvbGUiOiJ1c2VyIiwiaWF0IjoxNzYyODc4NjYwLCJleHAiOjE3NjM0ODM0NjB9.AHnjk00RQkC8SdaZPA5sRB9042yw1d_x9wohQSKA_zI\",\"__next_hmr_refresh_hash__\":\"791\"}","timestamp":"2025-11-11T17:13:20.025Z"}
{"level":"info","message":"userId:eyJhbGciOiJIUzI1NiIsInR5cCI6IkpXVCJ9.eyJpZCI6IjY4ZGExNjEwYzc0MDk4YjJhZWY3YzVmNiIsInJvbGUiOiJ1c2VyIiwiaWF0IjoxNzYyODc4NjYwLCJleHAiOjE3NjM0ODM0NjB9.AHnjk00RQkC8SdaZPA5sRB9042yw1d_x9wohQSKA_zI","timestamp":"2025-11-11T17:13:20.027Z"}
{"level":"error","message":"--- Error Handler ---","timestamp":"2025-11-11T17:13:20.032Z"}
{"level":"error","message":"Name:","timestamp":"2025-11-11T17:13:20.032Z"}
{"level":"info","message":"invalid signature","name":"JsonWebTokenError","timestamp":"2025-11-11T17:13:20.033Z"}
{"level":"error","message":"Message:","timestamp":"2025-11-11T17:13:20.033Z"}
{"level":"error","message":"Stack:","timestamp":"2025-11-11T17:13:20.034Z"}
{"level":"error","message":"----------------------","timestamp":"2025-11-11T17:13:20.034Z"}
{"level":"info","message":"from refresh token req.body : {\"__stripe_mid\":\"ad6f3088-818a-48d5-a05e-3c69aaa10f5a86574e\",\"accessToken\":\"eyJhbGciOiJIUzI1NiIsInR5cCI6IkpXVCJ9.eyJpZCI6IjY4ZGExNjEwYzc0MDk4YjJhZWY3YzVmNiIsInJvbGUiOiJ1c2VyIiwiaWF0IjoxNzYyODc4NjYwLCJleHAiOjE3NjI4Nzk1NjB9.I8TjuUpTXyXy4ml_na2tp3I8fUdyUwOZBhjUoBwu9I4\",\"refreshToken\":\"eyJhbGciOiJIUzI1NiIsInR5cCI6IkpXVCJ9.eyJpZCI6IjY4ZGExNjEwYzc0MDk4YjJhZWY3YzVmNiIsInJvbGUiOiJ1c2VyIiwiaWF0IjoxNzYyODc4NjYwLCJleHAiOjE3NjM0ODM0NjB9.AHnjk00RQkC8SdaZPA5sRB9042yw1d_x9wohQSKA_zI\",\"__next_hmr_refresh_hash__\":\"791\"}","timestamp":"2025-11-11T17:13:20.037Z"}
{"level":"info","message":"userId:eyJhbGciOiJIUzI1NiIsInR5cCI6IkpXVCJ9.eyJpZCI6IjY4ZGExNjEwYzc0MDk4YjJhZWY3YzVmNiIsInJvbGUiOiJ1c2VyIiwiaWF0IjoxNzYyODc4NjYwLCJleHAiOjE3NjM0ODM0NjB9.AHnjk00RQkC8SdaZPA5sRB9042yw1d_x9wohQSKA_zI","timestamp":"2025-11-11T17:13:20.038Z"}
{"level":"error","message":"--- Error Handler ---","timestamp":"2025-11-11T17:13:20.040Z"}
{"level":"error","message":"Name:","timestamp":"2025-11-11T17:13:20.040Z"}
{"level":"info","message":"invalid signature","name":"JsonWebTokenError","timestamp":"2025-11-11T17:13:20.041Z"}
{"level":"error","message":"Message:","timestamp":"2025-11-11T17:13:20.041Z"}
{"level":"error","message":"Stack:","timestamp":"2025-11-11T17:13:20.042Z"}
{"level":"error","message":"----------------------","timestamp":"2025-11-11T17:13:20.042Z"}
{"level":"info","message":[{"availableFoods":["sadfasdf","asdfsadf","asdfasdf"],"description":"sfg gsadf gsdfgsdfg ","discoveries":[],"duration":"1 day","id":"69118556f5e2c062368a9590","images":["https://res.cloudinary.com/djcbn6fkv/image/upload/v1762763343/Travel-Truck-Vendor-Document/llnwjaeynrhexj0uivdc.jpg"],"itinerary":[{"_id":"69118556f5e2c062368a9591","activities":["asdf","asdfsaf"],"day":1,"title":"sdf"},{"_id":"69118556f5e2c062368a9592","activities":["sadfadsf","asdfsdf"],"day":2,"title":"asdfsda"}],"price":234234,"title":"dasf"}],"timestamp":"2025-11-11T17:13:20.047Z"}
{"level":"info","message":[{"availableFoods":["sadfasdf","asdfsadf","asdfasdf"],"description":"sfg gsadf gsdfgsdfg ","discoveries":[],"duration":"1 day","id":"69118556f5e2c062368a9590","images":["https://res.cloudinary.com/djcbn6fkv/image/upload/v1762763343/Travel-Truck-Vendor-Document/llnwjaeynrhexj0uivdc.jpg"],"itinerary":[{"_id":"69118556f5e2c062368a9591","activities":["asdf","asdfsaf"],"day":1,"title":"sdf"},{"_id":"69118556f5e2c062368a9592","activities":["sadfadsf","asdfsdf"],"day":2,"title":"asdfsda"}],"price":234234,"title":"dasf"}],"timestamp":"2025-11-11T17:13:20.848Z"}
{"level":"error","message":"Failed to verify token: jwt expired","timestamp":"2025-11-11T17:13:20.879Z"}
{"level":"error","message":"Failed to verify token: jwt expired","timestamp":"2025-11-11T17:13:20.883Z"}
{"level":"info","message":"from refresh token req.body : {\"__stripe_mid\":\"ad6f3088-818a-48d5-a05e-3c69aaa10f5a86574e\",\"accessToken\":\"eyJhbGciOiJIUzI1NiIsInR5cCI6IkpXVCJ9.eyJpZCI6IjY4ZGExNjEwYzc0MDk4YjJhZWY3YzVmNiIsInJvbGUiOiJ1c2VyIiwiaWF0IjoxNzYyODc4NjYwLCJleHAiOjE3NjI4Nzk1NjB9.I8TjuUpTXyXy4ml_na2tp3I8fUdyUwOZBhjUoBwu9I4\",\"refreshToken\":\"eyJhbGciOiJIUzI1NiIsInR5cCI6IkpXVCJ9.eyJpZCI6IjY4ZGExNjEwYzc0MDk4YjJhZWY3YzVmNiIsInJvbGUiOiJ1c2VyIiwiaWF0IjoxNzYyODc4NjYwLCJleHAiOjE3NjM0ODM0NjB9.AHnjk00RQkC8SdaZPA5sRB9042yw1d_x9wohQSKA_zI\",\"__next_hmr_refresh_hash__\":\"791\"}","timestamp":"2025-11-11T17:13:20.889Z"}
{"level":"info","message":"userId:eyJhbGciOiJIUzI1NiIsInR5cCI6IkpXVCJ9.eyJpZCI6IjY4ZGExNjEwYzc0MDk4YjJhZWY3YzVmNiIsInJvbGUiOiJ1c2VyIiwiaWF0IjoxNzYyODc4NjYwLCJleHAiOjE3NjM0ODM0NjB9.AHnjk00RQkC8SdaZPA5sRB9042yw1d_x9wohQSKA_zI","timestamp":"2025-11-11T17:13:20.891Z"}
{"level":"error","message":"--- Error Handler ---","timestamp":"2025-11-11T17:13:20.893Z"}
{"level":"error","message":"Name:","timestamp":"2025-11-11T17:13:20.893Z"}
{"level":"info","message":"invalid signature","name":"JsonWebTokenError","timestamp":"2025-11-11T17:13:20.894Z"}
{"level":"error","message":"Message:","timestamp":"2025-11-11T17:13:20.895Z"}
{"level":"error","message":"Stack:","timestamp":"2025-11-11T17:13:20.896Z"}
{"level":"error","message":"----------------------","timestamp":"2025-11-11T17:13:20.897Z"}
{"level":"info","message":"from refresh token req.body : {\"__stripe_mid\":\"ad6f3088-818a-48d5-a05e-3c69aaa10f5a86574e\",\"accessToken\":\"eyJhbGciOiJIUzI1NiIsInR5cCI6IkpXVCJ9.eyJpZCI6IjY4ZGExNjEwYzc0MDk4YjJhZWY3YzVmNiIsInJvbGUiOiJ1c2VyIiwiaWF0IjoxNzYyODc4NjYwLCJleHAiOjE3NjI4Nzk1NjB9.I8TjuUpTXyXy4ml_na2tp3I8fUdyUwOZBhjUoBwu9I4\",\"refreshToken\":\"eyJhbGciOiJIUzI1NiIsInR5cCI6IkpXVCJ9.eyJpZCI6IjY4ZGExNjEwYzc0MDk4YjJhZWY3YzVmNiIsInJvbGUiOiJ1c2VyIiwiaWF0IjoxNzYyODc4NjYwLCJleHAiOjE3NjM0ODM0NjB9.AHnjk00RQkC8SdaZPA5sRB9042yw1d_x9wohQSKA_zI\",\"__next_hmr_refresh_hash__\":\"791\"}","timestamp":"2025-11-11T17:13:20.899Z"}
{"level":"info","message":"userId:eyJhbGciOiJIUzI1NiIsInR5cCI6IkpXVCJ9.eyJpZCI6IjY4ZGExNjEwYzc0MDk4YjJhZWY3YzVmNiIsInJvbGUiOiJ1c2VyIiwiaWF0IjoxNzYyODc4NjYwLCJleHAiOjE3NjM0ODM0NjB9.AHnjk00RQkC8SdaZPA5sRB9042yw1d_x9wohQSKA_zI","timestamp":"2025-11-11T17:13:20.901Z"}
{"level":"error","message":"--- Error Handler ---","timestamp":"2025-11-11T17:13:20.904Z"}
{"level":"error","message":"Name:","timestamp":"2025-11-11T17:13:20.905Z"}
{"level":"info","message":"invalid signature","name":"JsonWebTokenError","timestamp":"2025-11-11T17:13:20.905Z"}
{"level":"error","message":"Message:","timestamp":"2025-11-11T17:13:20.905Z"}
{"level":"error","message":"Stack:","timestamp":"2025-11-11T17:13:20.906Z"}
{"level":"error","message":"----------------------","timestamp":"2025-11-11T17:13:20.906Z"}
{"level":"info","message":[{"availableFoods":["sadfasdf","asdfsadf","asdfasdf"],"description":"sfg gsadf gsdfgsdfg ","discoveries":[],"duration":"1 day","id":"69118556f5e2c062368a9590","images":["https://res.cloudinary.com/djcbn6fkv/image/upload/v1762763343/Travel-Truck-Vendor-Document/llnwjaeynrhexj0uivdc.jpg"],"itinerary":[{"_id":"69118556f5e2c062368a9591","activities":["asdf","asdfsaf"],"day":1,"title":"sdf"},{"_id":"69118556f5e2c062368a9592","activities":["sadfadsf","asdfsdf"],"day":2,"title":"asdfsda"}],"price":234234,"title":"dasf"}],"timestamp":"2025-11-11T17:13:20.912Z"}
{"level":"info","message":[{"availableFoods":["sadfasdf","asdfsadf","asdfasdf"],"description":"sfg gsadf gsdfgsdfg ","discoveries":[],"duration":"1 day","id":"69118556f5e2c062368a9590","images":["https://res.cloudinary.com/djcbn6fkv/image/upload/v1762763343/Travel-Truck-Vendor-Document/llnwjaeynrhexj0uivdc.jpg"],"itinerary":[{"_id":"69118556f5e2c062368a9591","activities":["asdf","asdfsaf"],"day":1,"title":"sdf"},{"_id":"69118556f5e2c062368a9592","activities":["sadfadsf","asdfsdf"],"day":2,"title":"asdfsda"}],"price":234234,"title":"dasf"}],"timestamp":"2025-11-11T17:13:21.706Z"}
{"level":"error","message":"Failed to verify token: jwt expired","timestamp":"2025-11-11T17:13:21.753Z"}
{"level":"error","message":"Failed to verify token: jwt expired","timestamp":"2025-11-11T17:13:21.761Z"}
{"level":"info","message":"from refresh token req.body : {\"__stripe_mid\":\"ad6f3088-818a-48d5-a05e-3c69aaa10f5a86574e\",\"accessToken\":\"eyJhbGciOiJIUzI1NiIsInR5cCI6IkpXVCJ9.eyJpZCI6IjY4ZGExNjEwYzc0MDk4YjJhZWY3YzVmNiIsInJvbGUiOiJ1c2VyIiwiaWF0IjoxNzYyODc4NjYwLCJleHAiOjE3NjI4Nzk1NjB9.I8TjuUpTXyXy4ml_na2tp3I8fUdyUwOZBhjUoBwu9I4\",\"refreshToken\":\"eyJhbGciOiJIUzI1NiIsInR5cCI6IkpXVCJ9.eyJpZCI6IjY4ZGExNjEwYzc0MDk4YjJhZWY3YzVmNiIsInJvbGUiOiJ1c2VyIiwiaWF0IjoxNzYyODc4NjYwLCJleHAiOjE3NjM0ODM0NjB9.AHnjk00RQkC8SdaZPA5sRB9042yw1d_x9wohQSKA_zI\",\"__next_hmr_refresh_hash__\":\"791\"}","timestamp":"2025-11-11T17:13:21.770Z"}
{"level":"info","message":"userId:eyJhbGciOiJIUzI1NiIsInR5cCI6IkpXVCJ9.eyJpZCI6IjY4ZGExNjEwYzc0MDk4YjJhZWY3YzVmNiIsInJvbGUiOiJ1c2VyIiwiaWF0IjoxNzYyODc4NjYwLCJleHAiOjE3NjM0ODM0NjB9.AHnjk00RQkC8SdaZPA5sRB9042yw1d_x9wohQSKA_zI","timestamp":"2025-11-11T17:13:21.772Z"}
{"level":"error","message":"--- Error Handler ---","timestamp":"2025-11-11T17:13:21.774Z"}
{"level":"error","message":"Name:","timestamp":"2025-11-11T17:13:21.775Z"}
{"level":"info","message":"invalid signature","name":"JsonWebTokenError","timestamp":"2025-11-11T17:13:21.775Z"}
{"level":"error","message":"Message:","timestamp":"2025-11-11T17:13:21.776Z"}
{"level":"error","message":"Stack:","timestamp":"2025-11-11T17:13:21.777Z"}
{"level":"error","message":"----------------------","timestamp":"2025-11-11T17:13:21.781Z"}
{"level":"info","message":"from refresh token req.body : {\"__stripe_mid\":\"ad6f3088-818a-48d5-a05e-3c69aaa10f5a86574e\",\"accessToken\":\"eyJhbGciOiJIUzI1NiIsInR5cCI6IkpXVCJ9.eyJpZCI6IjY4ZGExNjEwYzc0MDk4YjJhZWY3YzVmNiIsInJvbGUiOiJ1c2VyIiwiaWF0IjoxNzYyODc4NjYwLCJleHAiOjE3NjI4Nzk1NjB9.I8TjuUpTXyXy4ml_na2tp3I8fUdyUwOZBhjUoBwu9I4\",\"refreshToken\":\"eyJhbGciOiJIUzI1NiIsInR5cCI6IkpXVCJ9.eyJpZCI6IjY4ZGExNjEwYzc0MDk4YjJhZWY3YzVmNiIsInJvbGUiOiJ1c2VyIiwiaWF0IjoxNzYyODc4NjYwLCJleHAiOjE3NjM0ODM0NjB9.AHnjk00RQkC8SdaZPA5sRB9042yw1d_x9wohQSKA_zI\",\"__next_hmr_refresh_hash__\":\"791\"}","timestamp":"2025-11-11T17:13:21.785Z"}
{"level":"info","message":"userId:eyJhbGciOiJIUzI1NiIsInR5cCI6IkpXVCJ9.eyJpZCI6IjY4ZGExNjEwYzc0MDk4YjJhZWY3YzVmNiIsInJvbGUiOiJ1c2VyIiwiaWF0IjoxNzYyODc4NjYwLCJleHAiOjE3NjM0ODM0NjB9.AHnjk00RQkC8SdaZPA5sRB9042yw1d_x9wohQSKA_zI","timestamp":"2025-11-11T17:13:21.788Z"}
{"level":"error","message":"--- Error Handler ---","timestamp":"2025-11-11T17:13:21.790Z"}
{"level":"error","message":"Name:","timestamp":"2025-11-11T17:13:21.791Z"}
{"level":"info","message":"invalid signature","name":"JsonWebTokenError","timestamp":"2025-11-11T17:13:21.791Z"}
{"level":"error","message":"Message:","timestamp":"2025-11-11T17:13:21.792Z"}
{"level":"error","message":"Stack:","timestamp":"2025-11-11T17:13:21.792Z"}
{"level":"error","message":"----------------------","timestamp":"2025-11-11T17:13:21.793Z"}
{"level":"info","message":[{"availableFoods":["sadfasdf","asdfsadf","asdfasdf"],"description":"sfg gsadf gsdfgsdfg ","discoveries":[],"duration":"1 day","id":"69118556f5e2c062368a9590","images":["https://res.cloudinary.com/djcbn6fkv/image/upload/v1762763343/Travel-Truck-Vendor-Document/llnwjaeynrhexj0uivdc.jpg"],"itinerary":[{"_id":"69118556f5e2c062368a9591","activities":["asdf","asdfsaf"],"day":1,"title":"sdf"},{"_id":"69118556f5e2c062368a9592","activities":["sadfadsf","asdfsdf"],"day":2,"title":"asdfsda"}],"price":234234,"title":"dasf"}],"timestamp":"2025-11-11T17:13:21.814Z"}
{"level":"info","message":[{"availableFoods":["sadfasdf","asdfsadf","asdfasdf"],"description":"sfg gsadf gsdfgsdfg ","discoveries":[],"duration":"1 day","id":"69118556f5e2c062368a9590","images":["https://res.cloudinary.com/djcbn6fkv/image/upload/v1762763343/Travel-Truck-Vendor-Document/llnwjaeynrhexj0uivdc.jpg"],"itinerary":[{"_id":"69118556f5e2c062368a9591","activities":["asdf","asdfsaf"],"day":1,"title":"sdf"},{"_id":"69118556f5e2c062368a9592","activities":["sadfadsf","asdfsdf"],"day":2,"title":"asdfsda"}],"price":234234,"title":"dasf"}],"timestamp":"2025-11-11T17:13:22.640Z"}
{"level":"error","message":"Failed to verify token: jwt expired","timestamp":"2025-11-11T17:13:22.674Z"}
{"level":"error","message":"Failed to verify token: jwt expired","timestamp":"2025-11-11T17:13:22.681Z"}
{"level":"info","message":"from refresh token req.body : {\"__stripe_mid\":\"ad6f3088-818a-48d5-a05e-3c69aaa10f5a86574e\",\"accessToken\":\"eyJhbGciOiJIUzI1NiIsInR5cCI6IkpXVCJ9.eyJpZCI6IjY4ZGExNjEwYzc0MDk4YjJhZWY3YzVmNiIsInJvbGUiOiJ1c2VyIiwiaWF0IjoxNzYyODc4NjYwLCJleHAiOjE3NjI4Nzk1NjB9.I8TjuUpTXyXy4ml_na2tp3I8fUdyUwOZBhjUoBwu9I4\",\"refreshToken\":\"eyJhbGciOiJIUzI1NiIsInR5cCI6IkpXVCJ9.eyJpZCI6IjY4ZGExNjEwYzc0MDk4YjJhZWY3YzVmNiIsInJvbGUiOiJ1c2VyIiwiaWF0IjoxNzYyODc4NjYwLCJleHAiOjE3NjM0ODM0NjB9.AHnjk00RQkC8SdaZPA5sRB9042yw1d_x9wohQSKA_zI\",\"__next_hmr_refresh_hash__\":\"791\"}","timestamp":"2025-11-11T17:13:22.691Z"}
{"level":"info","message":"userId:eyJhbGciOiJIUzI1NiIsInR5cCI6IkpXVCJ9.eyJpZCI6IjY4ZGExNjEwYzc0MDk4YjJhZWY3YzVmNiIsInJvbGUiOiJ1c2VyIiwiaWF0IjoxNzYyODc4NjYwLCJleHAiOjE3NjM0ODM0NjB9.AHnjk00RQkC8SdaZPA5sRB9042yw1d_x9wohQSKA_zI","timestamp":"2025-11-11T17:13:22.693Z"}
{"level":"error","message":"--- Error Handler ---","timestamp":"2025-11-11T17:13:22.699Z"}
{"level":"error","message":"Name:","timestamp":"2025-11-11T17:13:22.700Z"}
{"level":"info","message":"invalid signature","name":"JsonWebTokenError","timestamp":"2025-11-11T17:13:22.701Z"}
{"level":"error","message":"Message:","timestamp":"2025-11-11T17:13:22.703Z"}
{"level":"error","message":"Stack:","timestamp":"2025-11-11T17:13:22.704Z"}
{"level":"error","message":"----------------------","timestamp":"2025-11-11T17:13:22.704Z"}
{"level":"info","message":"from refresh token req.body : {\"__stripe_mid\":\"ad6f3088-818a-48d5-a05e-3c69aaa10f5a86574e\",\"accessToken\":\"eyJhbGciOiJIUzI1NiIsInR5cCI6IkpXVCJ9.eyJpZCI6IjY4ZGExNjEwYzc0MDk4YjJhZWY3YzVmNiIsInJvbGUiOiJ1c2VyIiwiaWF0IjoxNzYyODc4NjYwLCJleHAiOjE3NjI4Nzk1NjB9.I8TjuUpTXyXy4ml_na2tp3I8fUdyUwOZBhjUoBwu9I4\",\"refreshToken\":\"eyJhbGciOiJIUzI1NiIsInR5cCI6IkpXVCJ9.eyJpZCI6IjY4ZGExNjEwYzc0MDk4YjJhZWY3YzVmNiIsInJvbGUiOiJ1c2VyIiwiaWF0IjoxNzYyODc4NjYwLCJleHAiOjE3NjM0ODM0NjB9.AHnjk00RQkC8SdaZPA5sRB9042yw1d_x9wohQSKA_zI\",\"__next_hmr_refresh_hash__\":\"791\"}","timestamp":"2025-11-11T17:13:22.706Z"}
{"level":"info","message":"userId:eyJhbGciOiJIUzI1NiIsInR5cCI6IkpXVCJ9.eyJpZCI6IjY4ZGExNjEwYzc0MDk4YjJhZWY3YzVmNiIsInJvbGUiOiJ1c2VyIiwiaWF0IjoxNzYyODc4NjYwLCJleHAiOjE3NjM0ODM0NjB9.AHnjk00RQkC8SdaZPA5sRB9042yw1d_x9wohQSKA_zI","timestamp":"2025-11-11T17:13:22.708Z"}
{"level":"error","message":"--- Error Handler ---","timestamp":"2025-11-11T17:13:22.711Z"}
{"level":"error","message":"Name:","timestamp":"2025-11-11T17:13:22.712Z"}
{"level":"info","message":"invalid signature","name":"JsonWebTokenError","timestamp":"2025-11-11T17:13:22.713Z"}
{"level":"error","message":"Message:","timestamp":"2025-11-11T17:13:22.713Z"}
{"level":"error","message":"Stack:","timestamp":"2025-11-11T17:13:22.714Z"}
{"level":"error","message":"----------------------","timestamp":"2025-11-11T17:13:22.715Z"}
{"level":"info","message":[{"availableFoods":["sadfasdf","asdfsadf","asdfasdf"],"description":"sfg gsadf gsdfgsdfg ","discoveries":[],"duration":"1 day","id":"69118556f5e2c062368a9590","images":["https://res.cloudinary.com/djcbn6fkv/image/upload/v1762763343/Travel-Truck-Vendor-Document/llnwjaeynrhexj0uivdc.jpg"],"itinerary":[{"_id":"69118556f5e2c062368a9591","activities":["asdf","asdfsaf"],"day":1,"title":"sdf"},{"_id":"69118556f5e2c062368a9592","activities":["sadfadsf","asdfsdf"],"day":2,"title":"asdfsda"}],"price":234234,"title":"dasf"}],"timestamp":"2025-11-11T17:13:22.720Z"}
{"level":"info","message":[{"availableFoods":["sadfasdf","asdfsadf","asdfasdf"],"description":"sfg gsadf gsdfgsdfg ","discoveries":[],"duration":"1 day","id":"69118556f5e2c062368a9590","images":["https://res.cloudinary.com/djcbn6fkv/image/upload/v1762763343/Travel-Truck-Vendor-Document/llnwjaeynrhexj0uivdc.jpg"],"itinerary":[{"_id":"69118556f5e2c062368a9591","activities":["asdf","asdfsaf"],"day":1,"title":"sdf"},{"_id":"69118556f5e2c062368a9592","activities":["sadfadsf","asdfsdf"],"day":2,"title":"asdfsda"}],"price":234234,"title":"dasf"}],"timestamp":"2025-11-11T17:13:23.790Z"}
{"level":"error","message":"Failed to verify token: jwt expired","timestamp":"2025-11-11T17:13:23.839Z"}
{"level":"error","message":"Failed to verify token: jwt expired","timestamp":"2025-11-11T17:13:23.847Z"}
{"level":"info","message":[{"availableFoods":["sadfasdf","asdfsadf","asdfasdf"],"description":"sfg gsadf gsdfgsdfg ","discoveries":[],"duration":"1 day","id":"69118556f5e2c062368a9590","images":["https://res.cloudinary.com/djcbn6fkv/image/upload/v1762763343/Travel-Truck-Vendor-Document/llnwjaeynrhexj0uivdc.jpg"],"itinerary":[{"_id":"69118556f5e2c062368a9591","activities":["asdf","asdfsaf"],"day":1,"title":"sdf"},{"_id":"69118556f5e2c062368a9592","activities":["sadfadsf","asdfsdf"],"day":2,"title":"asdfsda"}],"price":234234,"title":"dasf"}],"timestamp":"2025-11-11T17:13:23.849Z"}
{"level":"info","message":"from refresh token req.body : {\"__stripe_mid\":\"ad6f3088-818a-48d5-a05e-3c69aaa10f5a86574e\",\"accessToken\":\"eyJhbGciOiJIUzI1NiIsInR5cCI6IkpXVCJ9.eyJpZCI6IjY4ZGExNjEwYzc0MDk4YjJhZWY3YzVmNiIsInJvbGUiOiJ1c2VyIiwiaWF0IjoxNzYyODc4NjYwLCJleHAiOjE3NjI4Nzk1NjB9.I8TjuUpTXyXy4ml_na2tp3I8fUdyUwOZBhjUoBwu9I4\",\"refreshToken\":\"eyJhbGciOiJIUzI1NiIsInR5cCI6IkpXVCJ9.eyJpZCI6IjY4ZGExNjEwYzc0MDk4YjJhZWY3YzVmNiIsInJvbGUiOiJ1c2VyIiwiaWF0IjoxNzYyODc4NjYwLCJleHAiOjE3NjM0ODM0NjB9.AHnjk00RQkC8SdaZPA5sRB9042yw1d_x9wohQSKA_zI\",\"__next_hmr_refresh_hash__\":\"791\"}","timestamp":"2025-11-11T17:13:23.852Z"}
{"level":"info","message":"userId:eyJhbGciOiJIUzI1NiIsInR5cCI6IkpXVCJ9.eyJpZCI6IjY4ZGExNjEwYzc0MDk4YjJhZWY3YzVmNiIsInJvbGUiOiJ1c2VyIiwiaWF0IjoxNzYyODc4NjYwLCJleHAiOjE3NjM0ODM0NjB9.AHnjk00RQkC8SdaZPA5sRB9042yw1d_x9wohQSKA_zI","timestamp":"2025-11-11T17:13:23.853Z"}
{"level":"error","message":"--- Error Handler ---","timestamp":"2025-11-11T17:13:23.854Z"}
{"level":"error","message":"Name:","timestamp":"2025-11-11T17:13:23.855Z"}
{"level":"info","message":"invalid signature","name":"JsonWebTokenError","timestamp":"2025-11-11T17:13:23.855Z"}
{"level":"error","message":"Message:","timestamp":"2025-11-11T17:13:23.855Z"}
{"level":"error","message":"Stack:","timestamp":"2025-11-11T17:13:23.856Z"}
{"level":"error","message":"----------------------","timestamp":"2025-11-11T17:13:23.856Z"}
{"level":"info","message":"from refresh token req.body : {\"__stripe_mid\":\"ad6f3088-818a-48d5-a05e-3c69aaa10f5a86574e\",\"accessToken\":\"eyJhbGciOiJIUzI1NiIsInR5cCI6IkpXVCJ9.eyJpZCI6IjY4ZGExNjEwYzc0MDk4YjJhZWY3YzVmNiIsInJvbGUiOiJ1c2VyIiwiaWF0IjoxNzYyODc4NjYwLCJleHAiOjE3NjI4Nzk1NjB9.I8TjuUpTXyXy4ml_na2tp3I8fUdyUwOZBhjUoBwu9I4\",\"refreshToken\":\"eyJhbGciOiJIUzI1NiIsInR5cCI6IkpXVCJ9.eyJpZCI6IjY4ZGExNjEwYzc0MDk4YjJhZWY3YzVmNiIsInJvbGUiOiJ1c2VyIiwiaWF0IjoxNzYyODc4NjYwLCJleHAiOjE3NjM0ODM0NjB9.AHnjk00RQkC8SdaZPA5sRB9042yw1d_x9wohQSKA_zI\",\"__next_hmr_refresh_hash__\":\"791\"}","timestamp":"2025-11-11T17:13:23.858Z"}
{"level":"info","message":"userId:eyJhbGciOiJIUzI1NiIsInR5cCI6IkpXVCJ9.eyJpZCI6IjY4ZGExNjEwYzc0MDk4YjJhZWY3YzVmNiIsInJvbGUiOiJ1c2VyIiwiaWF0IjoxNzYyODc4NjYwLCJleHAiOjE3NjM0ODM0NjB9.AHnjk00RQkC8SdaZPA5sRB9042yw1d_x9wohQSKA_zI","timestamp":"2025-11-11T17:13:23.858Z"}
{"level":"error","message":"--- Error Handler ---","timestamp":"2025-11-11T17:13:23.860Z"}
{"level":"error","message":"Name:","timestamp":"2025-11-11T17:13:23.861Z"}
{"level":"info","message":"invalid signature","name":"JsonWebTokenError","timestamp":"2025-11-11T17:13:23.861Z"}
{"level":"error","message":"Message:","timestamp":"2025-11-11T17:13:23.862Z"}
{"level":"error","message":"Stack:","timestamp":"2025-11-11T17:13:23.862Z"}
{"level":"error","message":"----------------------","timestamp":"2025-11-11T17:13:23.863Z"}
{"level":"info","message":[{"availableFoods":["sadfasdf","asdfsadf","asdfasdf"],"description":"sfg gsadf gsdfgsdfg ","discoveries":[],"duration":"1 day","id":"69118556f5e2c062368a9590","images":["https://res.cloudinary.com/djcbn6fkv/image/upload/v1762763343/Travel-Truck-Vendor-Document/llnwjaeynrhexj0uivdc.jpg"],"itinerary":[{"_id":"69118556f5e2c062368a9591","activities":["asdf","asdfsaf"],"day":1,"title":"sdf"},{"_id":"69118556f5e2c062368a9592","activities":["sadfadsf","asdfsdf"],"day":2,"title":"asdfsda"}],"price":234234,"title":"dasf"}],"timestamp":"2025-11-11T17:13:24.853Z"}
{"level":"error","message":"Failed to verify token: jwt expired","timestamp":"2025-11-11T17:13:24.887Z"}
{"level":"error","message":"Failed to verify token: jwt expired","timestamp":"2025-11-11T17:13:24.890Z"}
{"level":"info","message":"from refresh token req.body : {\"__stripe_mid\":\"ad6f3088-818a-48d5-a05e-3c69aaa10f5a86574e\",\"accessToken\":\"eyJhbGciOiJIUzI1NiIsInR5cCI6IkpXVCJ9.eyJpZCI6IjY4ZGExNjEwYzc0MDk4YjJhZWY3YzVmNiIsInJvbGUiOiJ1c2VyIiwiaWF0IjoxNzYyODc4NjYwLCJleHAiOjE3NjI4Nzk1NjB9.I8TjuUpTXyXy4ml_na2tp3I8fUdyUwOZBhjUoBwu9I4\",\"refreshToken\":\"eyJhbGciOiJIUzI1NiIsInR5cCI6IkpXVCJ9.eyJpZCI6IjY4ZGExNjEwYzc0MDk4YjJhZWY3YzVmNiIsInJvbGUiOiJ1c2VyIiwiaWF0IjoxNzYyODc4NjYwLCJleHAiOjE3NjM0ODM0NjB9.AHnjk00RQkC8SdaZPA5sRB9042yw1d_x9wohQSKA_zI\",\"__next_hmr_refresh_hash__\":\"791\"}","timestamp":"2025-11-11T17:13:24.899Z"}
{"level":"info","message":"userId:eyJhbGciOiJIUzI1NiIsInR5cCI6IkpXVCJ9.eyJpZCI6IjY4ZGExNjEwYzc0MDk4YjJhZWY3YzVmNiIsInJvbGUiOiJ1c2VyIiwiaWF0IjoxNzYyODc4NjYwLCJleHAiOjE3NjM0ODM0NjB9.AHnjk00RQkC8SdaZPA5sRB9042yw1d_x9wohQSKA_zI","timestamp":"2025-11-11T17:13:24.900Z"}
{"level":"error","message":"--- Error Handler ---","timestamp":"2025-11-11T17:13:24.902Z"}
{"level":"error","message":"Name:","timestamp":"2025-11-11T17:13:24.903Z"}
{"level":"info","message":"invalid signature","name":"JsonWebTokenError","timestamp":"2025-11-11T17:13:24.903Z"}
{"level":"error","message":"Message:","timestamp":"2025-11-11T17:13:24.904Z"}
{"level":"error","message":"Stack:","timestamp":"2025-11-11T17:13:24.904Z"}
{"level":"error","message":"----------------------","timestamp":"2025-11-11T17:13:24.904Z"}
{"level":"info","message":"from refresh token req.body : {\"__stripe_mid\":\"ad6f3088-818a-48d5-a05e-3c69aaa10f5a86574e\",\"accessToken\":\"eyJhbGciOiJIUzI1NiIsInR5cCI6IkpXVCJ9.eyJpZCI6IjY4ZGExNjEwYzc0MDk4YjJhZWY3YzVmNiIsInJvbGUiOiJ1c2VyIiwiaWF0IjoxNzYyODc4NjYwLCJleHAiOjE3NjI4Nzk1NjB9.I8TjuUpTXyXy4ml_na2tp3I8fUdyUwOZBhjUoBwu9I4\",\"refreshToken\":\"eyJhbGciOiJIUzI1NiIsInR5cCI6IkpXVCJ9.eyJpZCI6IjY4ZGExNjEwYzc0MDk4YjJhZWY3YzVmNiIsInJvbGUiOiJ1c2VyIiwiaWF0IjoxNzYyODc4NjYwLCJleHAiOjE3NjM0ODM0NjB9.AHnjk00RQkC8SdaZPA5sRB9042yw1d_x9wohQSKA_zI\",\"__next_hmr_refresh_hash__\":\"791\"}","timestamp":"2025-11-11T17:13:24.906Z"}
{"level":"info","message":"userId:eyJhbGciOiJIUzI1NiIsInR5cCI6IkpXVCJ9.eyJpZCI6IjY4ZGExNjEwYzc0MDk4YjJhZWY3YzVmNiIsInJvbGUiOiJ1c2VyIiwiaWF0IjoxNzYyODc4NjYwLCJleHAiOjE3NjM0ODM0NjB9.AHnjk00RQkC8SdaZPA5sRB9042yw1d_x9wohQSKA_zI","timestamp":"2025-11-11T17:13:24.908Z"}
{"level":"error","message":"--- Error Handler ---","timestamp":"2025-11-11T17:13:24.909Z"}
{"level":"error","message":"Name:","timestamp":"2025-11-11T17:13:24.911Z"}
{"level":"info","message":"invalid signature","name":"JsonWebTokenError","timestamp":"2025-11-11T17:13:24.912Z"}
{"level":"error","message":"Message:","timestamp":"2025-11-11T17:13:24.912Z"}
{"level":"error","message":"Stack:","timestamp":"2025-11-11T17:13:24.913Z"}
{"level":"error","message":"----------------------","timestamp":"2025-11-11T17:13:24.913Z"}
{"level":"info","message":[{"availableFoods":["sadfasdf","asdfsadf","asdfasdf"],"description":"sfg gsadf gsdfgsdfg ","discoveries":[],"duration":"1 day","id":"69118556f5e2c062368a9590","images":["https://res.cloudinary.com/djcbn6fkv/image/upload/v1762763343/Travel-Truck-Vendor-Document/llnwjaeynrhexj0uivdc.jpg"],"itinerary":[{"_id":"69118556f5e2c062368a9591","activities":["asdf","asdfsaf"],"day":1,"title":"sdf"},{"_id":"69118556f5e2c062368a9592","activities":["sadfadsf","asdfsdf"],"day":2,"title":"asdfsda"}],"price":234234,"title":"dasf"}],"timestamp":"2025-11-11T17:13:24.917Z"}
{"level":"info","message":[{"availableFoods":["sadfasdf","asdfsadf","asdfasdf"],"description":"sfg gsadf gsdfgsdfg ","discoveries":[],"duration":"1 day","id":"69118556f5e2c062368a9590","images":["https://res.cloudinary.com/djcbn6fkv/image/upload/v1762763343/Travel-Truck-Vendor-Document/llnwjaeynrhexj0uivdc.jpg"],"itinerary":[{"_id":"69118556f5e2c062368a9591","activities":["asdf","asdfsaf"],"day":1,"title":"sdf"},{"_id":"69118556f5e2c062368a9592","activities":["sadfadsf","asdfsdf"],"day":2,"title":"asdfsda"}],"price":234234,"title":"dasf"}],"timestamp":"2025-11-11T17:13:25.737Z"}
{"level":"error","message":"Failed to verify token: jwt expired","timestamp":"2025-11-11T17:13:25.769Z"}
{"level":"error","message":"Failed to verify token: jwt expired","timestamp":"2025-11-11T17:13:25.772Z"}
{"level":"info","message":"from refresh token req.body : {\"__stripe_mid\":\"ad6f3088-818a-48d5-a05e-3c69aaa10f5a86574e\",\"accessToken\":\"eyJhbGciOiJIUzI1NiIsInR5cCI6IkpXVCJ9.eyJpZCI6IjY4ZGExNjEwYzc0MDk4YjJhZWY3YzVmNiIsInJvbGUiOiJ1c2VyIiwiaWF0IjoxNzYyODc4NjYwLCJleHAiOjE3NjI4Nzk1NjB9.I8TjuUpTXyXy4ml_na2tp3I8fUdyUwOZBhjUoBwu9I4\",\"refreshToken\":\"eyJhbGciOiJIUzI1NiIsInR5cCI6IkpXVCJ9.eyJpZCI6IjY4ZGExNjEwYzc0MDk4YjJhZWY3YzVmNiIsInJvbGUiOiJ1c2VyIiwiaWF0IjoxNzYyODc4NjYwLCJleHAiOjE3NjM0ODM0NjB9.AHnjk00RQkC8SdaZPA5sRB9042yw1d_x9wohQSKA_zI\",\"__next_hmr_refresh_hash__\":\"791\"}","timestamp":"2025-11-11T17:13:25.784Z"}
{"level":"info","message":"userId:eyJhbGciOiJIUzI1NiIsInR5cCI6IkpXVCJ9.eyJpZCI6IjY4ZGExNjEwYzc0MDk4YjJhZWY3YzVmNiIsInJvbGUiOiJ1c2VyIiwiaWF0IjoxNzYyODc4NjYwLCJleHAiOjE3NjM0ODM0NjB9.AHnjk00RQkC8SdaZPA5sRB9042yw1d_x9wohQSKA_zI","timestamp":"2025-11-11T17:13:25.785Z"}
{"level":"error","message":"--- Error Handler ---","timestamp":"2025-11-11T17:13:25.786Z"}
{"level":"error","message":"Name:","timestamp":"2025-11-11T17:13:25.787Z"}
{"level":"info","message":"invalid signature","name":"JsonWebTokenError","timestamp":"2025-11-11T17:13:25.787Z"}
{"level":"error","message":"Message:","timestamp":"2025-11-11T17:13:25.787Z"}
{"level":"error","message":"Stack:","timestamp":"2025-11-11T17:13:25.788Z"}
{"level":"error","message":"----------------------","timestamp":"2025-11-11T17:13:25.788Z"}
{"level":"info","message":"from refresh token req.body : {\"__stripe_mid\":\"ad6f3088-818a-48d5-a05e-3c69aaa10f5a86574e\",\"accessToken\":\"eyJhbGciOiJIUzI1NiIsInR5cCI6IkpXVCJ9.eyJpZCI6IjY4ZGExNjEwYzc0MDk4YjJhZWY3YzVmNiIsInJvbGUiOiJ1c2VyIiwiaWF0IjoxNzYyODc4NjYwLCJleHAiOjE3NjI4Nzk1NjB9.I8TjuUpTXyXy4ml_na2tp3I8fUdyUwOZBhjUoBwu9I4\",\"refreshToken\":\"eyJhbGciOiJIUzI1NiIsInR5cCI6IkpXVCJ9.eyJpZCI6IjY4ZGExNjEwYzc0MDk4YjJhZWY3YzVmNiIsInJvbGUiOiJ1c2VyIiwiaWF0IjoxNzYyODc4NjYwLCJleHAiOjE3NjM0ODM0NjB9.AHnjk00RQkC8SdaZPA5sRB9042yw1d_x9wohQSKA_zI\",\"__next_hmr_refresh_hash__\":\"791\"}","timestamp":"2025-11-11T17:13:25.790Z"}
{"level":"info","message":"userId:eyJhbGciOiJIUzI1NiIsInR5cCI6IkpXVCJ9.eyJpZCI6IjY4ZGExNjEwYzc0MDk4YjJhZWY3YzVmNiIsInJvbGUiOiJ1c2VyIiwiaWF0IjoxNzYyODc4NjYwLCJleHAiOjE3NjM0ODM0NjB9.AHnjk00RQkC8SdaZPA5sRB9042yw1d_x9wohQSKA_zI","timestamp":"2025-11-11T17:13:25.791Z"}
{"level":"error","message":"--- Error Handler ---","timestamp":"2025-11-11T17:13:25.793Z"}
{"level":"error","message":"Name:","timestamp":"2025-11-11T17:13:25.794Z"}
{"level":"info","message":"invalid signature","name":"JsonWebTokenError","timestamp":"2025-11-11T17:13:25.795Z"}
{"level":"error","message":"Message:","timestamp":"2025-11-11T17:13:25.795Z"}
{"level":"error","message":"Stack:","timestamp":"2025-11-11T17:13:25.796Z"}
{"level":"error","message":"----------------------","timestamp":"2025-11-11T17:13:25.796Z"}
{"level":"info","message":[{"availableFoods":["sadfasdf","asdfsadf","asdfasdf"],"description":"sfg gsadf gsdfgsdfg ","discoveries":[],"duration":"1 day","id":"69118556f5e2c062368a9590","images":["https://res.cloudinary.com/djcbn6fkv/image/upload/v1762763343/Travel-Truck-Vendor-Document/llnwjaeynrhexj0uivdc.jpg"],"itinerary":[{"_id":"69118556f5e2c062368a9591","activities":["asdf","asdfsaf"],"day":1,"title":"sdf"},{"_id":"69118556f5e2c062368a9592","activities":["sadfadsf","asdfsdf"],"day":2,"title":"asdfsda"}],"price":234234,"title":"dasf"}],"timestamp":"2025-11-11T17:13:25.800Z"}
{"level":"info","message":[{"availableFoods":["sadfasdf","asdfsadf","asdfasdf"],"description":"sfg gsadf gsdfgsdfg ","discoveries":[],"duration":"1 day","id":"69118556f5e2c062368a9590","images":["https://res.cloudinary.com/djcbn6fkv/image/upload/v1762763343/Travel-Truck-Vendor-Document/llnwjaeynrhexj0uivdc.jpg"],"itinerary":[{"_id":"69118556f5e2c062368a9591","activities":["asdf","asdfsaf"],"day":1,"title":"sdf"},{"_id":"69118556f5e2c062368a9592","activities":["sadfadsf","asdfsdf"],"day":2,"title":"asdfsda"}],"price":234234,"title":"dasf"}],"timestamp":"2025-11-11T17:13:26.432Z"}
{"level":"error","message":"Failed to verify token: jwt expired","timestamp":"2025-11-11T17:13:26.458Z"}
{"level":"error","message":"Failed to verify token: jwt expired","timestamp":"2025-11-11T17:13:26.462Z"}
{"level":"info","message":"from refresh token req.body : {\"__stripe_mid\":\"ad6f3088-818a-48d5-a05e-3c69aaa10f5a86574e\",\"accessToken\":\"eyJhbGciOiJIUzI1NiIsInR5cCI6IkpXVCJ9.eyJpZCI6IjY4ZGExNjEwYzc0MDk4YjJhZWY3YzVmNiIsInJvbGUiOiJ1c2VyIiwiaWF0IjoxNzYyODc4NjYwLCJleHAiOjE3NjI4Nzk1NjB9.I8TjuUpTXyXy4ml_na2tp3I8fUdyUwOZBhjUoBwu9I4\",\"refreshToken\":\"eyJhbGciOiJIUzI1NiIsInR5cCI6IkpXVCJ9.eyJpZCI6IjY4ZGExNjEwYzc0MDk4YjJhZWY3YzVmNiIsInJvbGUiOiJ1c2VyIiwiaWF0IjoxNzYyODc4NjYwLCJleHAiOjE3NjM0ODM0NjB9.AHnjk00RQkC8SdaZPA5sRB9042yw1d_x9wohQSKA_zI\",\"__next_hmr_refresh_hash__\":\"791\"}","timestamp":"2025-11-11T17:13:26.467Z"}
{"level":"info","message":"userId:eyJhbGciOiJIUzI1NiIsInR5cCI6IkpXVCJ9.eyJpZCI6IjY4ZGExNjEwYzc0MDk4YjJhZWY3YzVmNiIsInJvbGUiOiJ1c2VyIiwiaWF0IjoxNzYyODc4NjYwLCJleHAiOjE3NjM0ODM0NjB9.AHnjk00RQkC8SdaZPA5sRB9042yw1d_x9wohQSKA_zI","timestamp":"2025-11-11T17:13:26.468Z"}
{"level":"error","message":"--- Error Handler ---","timestamp":"2025-11-11T17:13:26.470Z"}
{"level":"error","message":"Name:","timestamp":"2025-11-11T17:13:26.470Z"}
{"level":"info","message":"invalid signature","name":"JsonWebTokenError","timestamp":"2025-11-11T17:13:26.471Z"}
{"level":"error","message":"Message:","timestamp":"2025-11-11T17:13:26.471Z"}
{"level":"error","message":"Stack:","timestamp":"2025-11-11T17:13:26.471Z"}
{"level":"error","message":"----------------------","timestamp":"2025-11-11T17:13:26.471Z"}
{"level":"info","message":"from refresh token req.body : {\"__stripe_mid\":\"ad6f3088-818a-48d5-a05e-3c69aaa10f5a86574e\",\"accessToken\":\"eyJhbGciOiJIUzI1NiIsInR5cCI6IkpXVCJ9.eyJpZCI6IjY4ZGExNjEwYzc0MDk4YjJhZWY3YzVmNiIsInJvbGUiOiJ1c2VyIiwiaWF0IjoxNzYyODc4NjYwLCJleHAiOjE3NjI4Nzk1NjB9.I8TjuUpTXyXy4ml_na2tp3I8fUdyUwOZBhjUoBwu9I4\",\"refreshToken\":\"eyJhbGciOiJIUzI1NiIsInR5cCI6IkpXVCJ9.eyJpZCI6IjY4ZGExNjEwYzc0MDk4YjJhZWY3YzVmNiIsInJvbGUiOiJ1c2VyIiwiaWF0IjoxNzYyODc4NjYwLCJleHAiOjE3NjM0ODM0NjB9.AHnjk00RQkC8SdaZPA5sRB9042yw1d_x9wohQSKA_zI\",\"__next_hmr_refresh_hash__\":\"791\"}","timestamp":"2025-11-11T17:13:26.473Z"}
{"level":"info","message":"userId:eyJhbGciOiJIUzI1NiIsInR5cCI6IkpXVCJ9.eyJpZCI6IjY4ZGExNjEwYzc0MDk4YjJhZWY3YzVmNiIsInJvbGUiOiJ1c2VyIiwiaWF0IjoxNzYyODc4NjYwLCJleHAiOjE3NjM0ODM0NjB9.AHnjk00RQkC8SdaZPA5sRB9042yw1d_x9wohQSKA_zI","timestamp":"2025-11-11T17:13:26.474Z"}
{"level":"error","message":"--- Error Handler ---","timestamp":"2025-11-11T17:13:26.476Z"}
{"level":"error","message":"Name:","timestamp":"2025-11-11T17:13:26.476Z"}
{"level":"info","message":"invalid signature","name":"JsonWebTokenError","timestamp":"2025-11-11T17:13:26.477Z"}
{"level":"error","message":"Message:","timestamp":"2025-11-11T17:13:26.477Z"}
{"level":"error","message":"Stack:","timestamp":"2025-11-11T17:13:26.478Z"}
{"level":"error","message":"----------------------","timestamp":"2025-11-11T17:13:26.478Z"}
{"level":"info","message":[{"availableFoods":["sadfasdf","asdfsadf","asdfasdf"],"description":"sfg gsadf gsdfgsdfg ","discoveries":[],"duration":"1 day","id":"69118556f5e2c062368a9590","images":["https://res.cloudinary.com/djcbn6fkv/image/upload/v1762763343/Travel-Truck-Vendor-Document/llnwjaeynrhexj0uivdc.jpg"],"itinerary":[{"_id":"69118556f5e2c062368a9591","activities":["asdf","asdfsaf"],"day":1,"title":"sdf"},{"_id":"69118556f5e2c062368a9592","activities":["sadfadsf","asdfsdf"],"day":2,"title":"asdfsda"}],"price":234234,"title":"dasf"}],"timestamp":"2025-11-11T17:13:26.485Z"}
{"level":"info","message":[{"availableFoods":["sadfasdf","asdfsadf","asdfasdf"],"description":"sfg gsadf gsdfgsdfg ","discoveries":[],"duration":"1 day","id":"69118556f5e2c062368a9590","images":["https://res.cloudinary.com/djcbn6fkv/image/upload/v1762763343/Travel-Truck-Vendor-Document/llnwjaeynrhexj0uivdc.jpg"],"itinerary":[{"_id":"69118556f5e2c062368a9591","activities":["asdf","asdfsaf"],"day":1,"title":"sdf"},{"_id":"69118556f5e2c062368a9592","activities":["sadfadsf","asdfsdf"],"day":2,"title":"asdfsda"}],"price":234234,"title":"dasf"}],"timestamp":"2025-11-11T17:13:27.099Z"}
{"level":"error","message":"Failed to verify token: jwt expired","timestamp":"2025-11-11T17:13:27.137Z"}
{"level":"error","message":"Failed to verify token: jwt expired","timestamp":"2025-11-11T17:13:27.144Z"}
{"level":"info","message":[{"availableFoods":["sadfasdf","asdfsadf","asdfasdf"],"description":"sfg gsadf gsdfgsdfg ","discoveries":[],"duration":"1 day","id":"69118556f5e2c062368a9590","images":["https://res.cloudinary.com/djcbn6fkv/image/upload/v1762763343/Travel-Truck-Vendor-Document/llnwjaeynrhexj0uivdc.jpg"],"itinerary":[{"_id":"69118556f5e2c062368a9591","activities":["asdf","asdfsaf"],"day":1,"title":"sdf"},{"_id":"69118556f5e2c062368a9592","activities":["sadfadsf","asdfsdf"],"day":2,"title":"asdfsda"}],"price":234234,"title":"dasf"}],"timestamp":"2025-11-11T17:13:27.151Z"}
{"level":"info","message":"from refresh token req.body : {\"__stripe_mid\":\"ad6f3088-818a-48d5-a05e-3c69aaa10f5a86574e\",\"accessToken\":\"eyJhbGciOiJIUzI1NiIsInR5cCI6IkpXVCJ9.eyJpZCI6IjY4ZGExNjEwYzc0MDk4YjJhZWY3YzVmNiIsInJvbGUiOiJ1c2VyIiwiaWF0IjoxNzYyODc4NjYwLCJleHAiOjE3NjI4Nzk1NjB9.I8TjuUpTXyXy4ml_na2tp3I8fUdyUwOZBhjUoBwu9I4\",\"refreshToken\":\"eyJhbGciOiJIUzI1NiIsInR5cCI6IkpXVCJ9.eyJpZCI6IjY4ZGExNjEwYzc0MDk4YjJhZWY3YzVmNiIsInJvbGUiOiJ1c2VyIiwiaWF0IjoxNzYyODc4NjYwLCJleHAiOjE3NjM0ODM0NjB9.AHnjk00RQkC8SdaZPA5sRB9042yw1d_x9wohQSKA_zI\",\"__next_hmr_refresh_hash__\":\"791\"}","timestamp":"2025-11-11T17:13:27.156Z"}
{"level":"info","message":"userId:eyJhbGciOiJIUzI1NiIsInR5cCI6IkpXVCJ9.eyJpZCI6IjY4ZGExNjEwYzc0MDk4YjJhZWY3YzVmNiIsInJvbGUiOiJ1c2VyIiwiaWF0IjoxNzYyODc4NjYwLCJleHAiOjE3NjM0ODM0NjB9.AHnjk00RQkC8SdaZPA5sRB9042yw1d_x9wohQSKA_zI","timestamp":"2025-11-11T17:13:27.158Z"}
{"level":"error","message":"--- Error Handler ---","timestamp":"2025-11-11T17:13:27.159Z"}
{"level":"error","message":"Name:","timestamp":"2025-11-11T17:13:27.160Z"}
{"level":"info","message":"invalid signature","name":"JsonWebTokenError","timestamp":"2025-11-11T17:13:27.160Z"}
{"level":"error","message":"Message:","timestamp":"2025-11-11T17:13:27.161Z"}
{"level":"error","message":"Stack:","timestamp":"2025-11-11T17:13:27.161Z"}
{"level":"error","message":"----------------------","timestamp":"2025-11-11T17:13:27.162Z"}
{"level":"info","message":"from refresh token req.body : {\"__stripe_mid\":\"ad6f3088-818a-48d5-a05e-3c69aaa10f5a86574e\",\"accessToken\":\"eyJhbGciOiJIUzI1NiIsInR5cCI6IkpXVCJ9.eyJpZCI6IjY4ZGExNjEwYzc0MDk4YjJhZWY3YzVmNiIsInJvbGUiOiJ1c2VyIiwiaWF0IjoxNzYyODc4NjYwLCJleHAiOjE3NjI4Nzk1NjB9.I8TjuUpTXyXy4ml_na2tp3I8fUdyUwOZBhjUoBwu9I4\",\"refreshToken\":\"eyJhbGciOiJIUzI1NiIsInR5cCI6IkpXVCJ9.eyJpZCI6IjY4ZGExNjEwYzc0MDk4YjJhZWY3YzVmNiIsInJvbGUiOiJ1c2VyIiwiaWF0IjoxNzYyODc4NjYwLCJleHAiOjE3NjM0ODM0NjB9.AHnjk00RQkC8SdaZPA5sRB9042yw1d_x9wohQSKA_zI\",\"__next_hmr_refresh_hash__\":\"791\"}","timestamp":"2025-11-11T17:13:27.165Z"}
{"level":"info","message":"userId:eyJhbGciOiJIUzI1NiIsInR5cCI6IkpXVCJ9.eyJpZCI6IjY4ZGExNjEwYzc0MDk4YjJhZWY3YzVmNiIsInJvbGUiOiJ1c2VyIiwiaWF0IjoxNzYyODc4NjYwLCJleHAiOjE3NjM0ODM0NjB9.AHnjk00RQkC8SdaZPA5sRB9042yw1d_x9wohQSKA_zI","timestamp":"2025-11-11T17:13:27.166Z"}
{"level":"error","message":"--- Error Handler ---","timestamp":"2025-11-11T17:13:27.167Z"}
{"level":"error","message":"Name:","timestamp":"2025-11-11T17:13:27.168Z"}
{"level":"info","message":"invalid signature","name":"JsonWebTokenError","timestamp":"2025-11-11T17:13:27.168Z"}
{"level":"error","message":"Message:","timestamp":"2025-11-11T17:13:27.168Z"}
{"level":"error","message":"Stack:","timestamp":"2025-11-11T17:13:27.168Z"}
{"level":"error","message":"----------------------","timestamp":"2025-11-11T17:13:27.169Z"}
{"level":"info","message":[{"availableFoods":["sadfasdf","asdfsadf","asdfasdf"],"description":"sfg gsadf gsdfgsdfg ","discoveries":[],"duration":"1 day","id":"69118556f5e2c062368a9590","images":["https://res.cloudinary.com/djcbn6fkv/image/upload/v1762763343/Travel-Truck-Vendor-Document/llnwjaeynrhexj0uivdc.jpg"],"itinerary":[{"_id":"69118556f5e2c062368a9591","activities":["asdf","asdfsaf"],"day":1,"title":"sdf"},{"_id":"69118556f5e2c062368a9592","activities":["sadfadsf","asdfsdf"],"day":2,"title":"asdfsda"}],"price":234234,"title":"dasf"}],"timestamp":"2025-11-11T17:13:27.848Z"}
{"level":"error","message":"Failed to verify token: jwt expired","timestamp":"2025-11-11T17:13:27.895Z"}
{"level":"error","message":"Failed to verify token: jwt expired","timestamp":"2025-11-11T17:13:27.898Z"}
{"level":"info","message":"from refresh token req.body : {\"__stripe_mid\":\"ad6f3088-818a-48d5-a05e-3c69aaa10f5a86574e\",\"accessToken\":\"eyJhbGciOiJIUzI1NiIsInR5cCI6IkpXVCJ9.eyJpZCI6IjY4ZGExNjEwYzc0MDk4YjJhZWY3YzVmNiIsInJvbGUiOiJ1c2VyIiwiaWF0IjoxNzYyODc4NjYwLCJleHAiOjE3NjI4Nzk1NjB9.I8TjuUpTXyXy4ml_na2tp3I8fUdyUwOZBhjUoBwu9I4\",\"refreshToken\":\"eyJhbGciOiJIUzI1NiIsInR5cCI6IkpXVCJ9.eyJpZCI6IjY4ZGExNjEwYzc0MDk4YjJhZWY3YzVmNiIsInJvbGUiOiJ1c2VyIiwiaWF0IjoxNzYyODc4NjYwLCJleHAiOjE3NjM0ODM0NjB9.AHnjk00RQkC8SdaZPA5sRB9042yw1d_x9wohQSKA_zI\",\"__next_hmr_refresh_hash__\":\"791\"}","timestamp":"2025-11-11T17:13:27.903Z"}
{"level":"info","message":"userId:eyJhbGciOiJIUzI1NiIsInR5cCI6IkpXVCJ9.eyJpZCI6IjY4ZGExNjEwYzc0MDk4YjJhZWY3YzVmNiIsInJvbGUiOiJ1c2VyIiwiaWF0IjoxNzYyODc4NjYwLCJleHAiOjE3NjM0ODM0NjB9.AHnjk00RQkC8SdaZPA5sRB9042yw1d_x9wohQSKA_zI","timestamp":"2025-11-11T17:13:27.904Z"}
{"level":"error","message":"--- Error Handler ---","timestamp":"2025-11-11T17:13:27.905Z"}
{"level":"error","message":"Name:","timestamp":"2025-11-11T17:13:27.906Z"}
{"level":"info","message":"invalid signature","name":"JsonWebTokenError","timestamp":"2025-11-11T17:13:27.906Z"}
{"level":"error","message":"Message:","timestamp":"2025-11-11T17:13:27.906Z"}
{"level":"error","message":"Stack:","timestamp":"2025-11-11T17:13:27.907Z"}
{"level":"error","message":"----------------------","timestamp":"2025-11-11T17:13:27.907Z"}
{"level":"info","message":"from refresh token req.body : {\"__stripe_mid\":\"ad6f3088-818a-48d5-a05e-3c69aaa10f5a86574e\",\"accessToken\":\"eyJhbGciOiJIUzI1NiIsInR5cCI6IkpXVCJ9.eyJpZCI6IjY4ZGExNjEwYzc0MDk4YjJhZWY3YzVmNiIsInJvbGUiOiJ1c2VyIiwiaWF0IjoxNzYyODc4NjYwLCJleHAiOjE3NjI4Nzk1NjB9.I8TjuUpTXyXy4ml_na2tp3I8fUdyUwOZBhjUoBwu9I4\",\"refreshToken\":\"eyJhbGciOiJIUzI1NiIsInR5cCI6IkpXVCJ9.eyJpZCI6IjY4ZGExNjEwYzc0MDk4YjJhZWY3YzVmNiIsInJvbGUiOiJ1c2VyIiwiaWF0IjoxNzYyODc4NjYwLCJleHAiOjE3NjM0ODM0NjB9.AHnjk00RQkC8SdaZPA5sRB9042yw1d_x9wohQSKA_zI\",\"__next_hmr_refresh_hash__\":\"791\"}","timestamp":"2025-11-11T17:13:27.909Z"}
{"level":"info","message":"userId:eyJhbGciOiJIUzI1NiIsInR5cCI6IkpXVCJ9.eyJpZCI6IjY4ZGExNjEwYzc0MDk4YjJhZWY3YzVmNiIsInJvbGUiOiJ1c2VyIiwiaWF0IjoxNzYyODc4NjYwLCJleHAiOjE3NjM0ODM0NjB9.AHnjk00RQkC8SdaZPA5sRB9042yw1d_x9wohQSKA_zI","timestamp":"2025-11-11T17:13:27.910Z"}
{"level":"error","message":"--- Error Handler ---","timestamp":"2025-11-11T17:13:27.913Z"}
{"level":"error","message":"Name:","timestamp":"2025-11-11T17:13:27.913Z"}
{"level":"info","message":"invalid signature","name":"JsonWebTokenError","timestamp":"2025-11-11T17:13:27.913Z"}
{"level":"error","message":"Message:","timestamp":"2025-11-11T17:13:27.914Z"}
{"level":"error","message":"Stack:","timestamp":"2025-11-11T17:13:27.914Z"}
{"level":"error","message":"----------------------","timestamp":"2025-11-11T17:13:27.915Z"}
{"level":"info","message":[{"availableFoods":["sadfasdf","asdfsadf","asdfasdf"],"description":"sfg gsadf gsdfgsdfg ","discoveries":[],"duration":"1 day","id":"69118556f5e2c062368a9590","images":["https://res.cloudinary.com/djcbn6fkv/image/upload/v1762763343/Travel-Truck-Vendor-Document/llnwjaeynrhexj0uivdc.jpg"],"itinerary":[{"_id":"69118556f5e2c062368a9591","activities":["asdf","asdfsaf"],"day":1,"title":"sdf"},{"_id":"69118556f5e2c062368a9592","activities":["sadfadsf","asdfsdf"],"day":2,"title":"asdfsda"}],"price":234234,"title":"dasf"}],"timestamp":"2025-11-11T17:13:27.917Z"}
{"level":"info","message":[{"availableFoods":["sadfasdf","asdfsadf","asdfasdf"],"description":"sfg gsadf gsdfgsdfg ","discoveries":[],"duration":"1 day","id":"69118556f5e2c062368a9590","images":["https://res.cloudinary.com/djcbn6fkv/image/upload/v1762763343/Travel-Truck-Vendor-Document/llnwjaeynrhexj0uivdc.jpg"],"itinerary":[{"_id":"69118556f5e2c062368a9591","activities":["asdf","asdfsaf"],"day":1,"title":"sdf"},{"_id":"69118556f5e2c062368a9592","activities":["sadfadsf","asdfsdf"],"day":2,"title":"asdfsda"}],"price":234234,"title":"dasf"}],"timestamp":"2025-11-11T17:13:28.668Z"}
{"level":"error","message":"Failed to verify token: jwt expired","timestamp":"2025-11-11T17:13:28.691Z"}
{"level":"error","message":"Failed to verify token: jwt expired","timestamp":"2025-11-11T17:13:28.696Z"}
{"level":"info","message":"from refresh token req.body : {\"__stripe_mid\":\"ad6f3088-818a-48d5-a05e-3c69aaa10f5a86574e\",\"accessToken\":\"eyJhbGciOiJIUzI1NiIsInR5cCI6IkpXVCJ9.eyJpZCI6IjY4ZGExNjEwYzc0MDk4YjJhZWY3YzVmNiIsInJvbGUiOiJ1c2VyIiwiaWF0IjoxNzYyODc4NjYwLCJleHAiOjE3NjI4Nzk1NjB9.I8TjuUpTXyXy4ml_na2tp3I8fUdyUwOZBhjUoBwu9I4\",\"refreshToken\":\"eyJhbGciOiJIUzI1NiIsInR5cCI6IkpXVCJ9.eyJpZCI6IjY4ZGExNjEwYzc0MDk4YjJhZWY3YzVmNiIsInJvbGUiOiJ1c2VyIiwiaWF0IjoxNzYyODc4NjYwLCJleHAiOjE3NjM0ODM0NjB9.AHnjk00RQkC8SdaZPA5sRB9042yw1d_x9wohQSKA_zI\",\"__next_hmr_refresh_hash__\":\"791\"}","timestamp":"2025-11-11T17:13:28.702Z"}
{"level":"info","message":"userId:eyJhbGciOiJIUzI1NiIsInR5cCI6IkpXVCJ9.eyJpZCI6IjY4ZGExNjEwYzc0MDk4YjJhZWY3YzVmNiIsInJvbGUiOiJ1c2VyIiwiaWF0IjoxNzYyODc4NjYwLCJleHAiOjE3NjM0ODM0NjB9.AHnjk00RQkC8SdaZPA5sRB9042yw1d_x9wohQSKA_zI","timestamp":"2025-11-11T17:13:28.703Z"}
{"level":"error","message":"--- Error Handler ---","timestamp":"2025-11-11T17:13:28.704Z"}
{"level":"error","message":"Name:","timestamp":"2025-11-11T17:13:28.704Z"}
{"level":"info","message":"invalid signature","name":"JsonWebTokenError","timestamp":"2025-11-11T17:13:28.705Z"}
{"level":"error","message":"Message:","timestamp":"2025-11-11T17:13:28.705Z"}
{"level":"error","message":"Stack:","timestamp":"2025-11-11T17:13:28.705Z"}
{"level":"error","message":"----------------------","timestamp":"2025-11-11T17:13:28.705Z"}
{"level":"info","message":"from refresh token req.body : {\"__stripe_mid\":\"ad6f3088-818a-48d5-a05e-3c69aaa10f5a86574e\",\"accessToken\":\"eyJhbGciOiJIUzI1NiIsInR5cCI6IkpXVCJ9.eyJpZCI6IjY4ZGExNjEwYzc0MDk4YjJhZWY3YzVmNiIsInJvbGUiOiJ1c2VyIiwiaWF0IjoxNzYyODc4NjYwLCJleHAiOjE3NjI4Nzk1NjB9.I8TjuUpTXyXy4ml_na2tp3I8fUdyUwOZBhjUoBwu9I4\",\"refreshToken\":\"eyJhbGciOiJIUzI1NiIsInR5cCI6IkpXVCJ9.eyJpZCI6IjY4ZGExNjEwYzc0MDk4YjJhZWY3YzVmNiIsInJvbGUiOiJ1c2VyIiwiaWF0IjoxNzYyODc4NjYwLCJleHAiOjE3NjM0ODM0NjB9.AHnjk00RQkC8SdaZPA5sRB9042yw1d_x9wohQSKA_zI\",\"__next_hmr_refresh_hash__\":\"791\"}","timestamp":"2025-11-11T17:13:28.706Z"}
{"level":"info","message":"userId:eyJhbGciOiJIUzI1NiIsInR5cCI6IkpXVCJ9.eyJpZCI6IjY4ZGExNjEwYzc0MDk4YjJhZWY3YzVmNiIsInJvbGUiOiJ1c2VyIiwiaWF0IjoxNzYyODc4NjYwLCJleHAiOjE3NjM0ODM0NjB9.AHnjk00RQkC8SdaZPA5sRB9042yw1d_x9wohQSKA_zI","timestamp":"2025-11-11T17:13:28.707Z"}
{"level":"error","message":"--- Error Handler ---","timestamp":"2025-11-11T17:13:28.708Z"}
{"level":"error","message":"Name:","timestamp":"2025-11-11T17:13:28.709Z"}
{"level":"info","message":"invalid signature","name":"JsonWebTokenError","timestamp":"2025-11-11T17:13:28.710Z"}
{"level":"error","message":"Message:","timestamp":"2025-11-11T17:13:28.713Z"}
{"level":"error","message":"Stack:","timestamp":"2025-11-11T17:13:28.713Z"}
{"level":"error","message":"----------------------","timestamp":"2025-11-11T17:13:28.714Z"}
{"level":"info","message":[{"availableFoods":["sadfasdf","asdfsadf","asdfasdf"],"description":"sfg gsadf gsdfgsdfg ","discoveries":[],"duration":"1 day","id":"69118556f5e2c062368a9590","images":["https://res.cloudinary.com/djcbn6fkv/image/upload/v1762763343/Travel-Truck-Vendor-Document/llnwjaeynrhexj0uivdc.jpg"],"itinerary":[{"_id":"69118556f5e2c062368a9591","activities":["asdf","asdfsaf"],"day":1,"title":"sdf"},{"_id":"69118556f5e2c062368a9592","activities":["sadfadsf","asdfsdf"],"day":2,"title":"asdfsda"}],"price":234234,"title":"dasf"}],"timestamp":"2025-11-11T17:13:28.874Z"}
{"level":"info","message":[{"availableFoods":["sadfasdf","asdfsadf","asdfasdf"],"description":"sfg gsadf gsdfgsdfg ","discoveries":[],"duration":"1 day","id":"69118556f5e2c062368a9590","images":["https://res.cloudinary.com/djcbn6fkv/image/upload/v1762763343/Travel-Truck-Vendor-Document/llnwjaeynrhexj0uivdc.jpg"],"itinerary":[{"_id":"69118556f5e2c062368a9591","activities":["asdf","asdfsaf"],"day":1,"title":"sdf"},{"_id":"69118556f5e2c062368a9592","activities":["sadfadsf","asdfsdf"],"day":2,"title":"asdfsda"}],"price":234234,"title":"dasf"}],"timestamp":"2025-11-11T17:13:29.567Z"}
{"level":"error","message":"Failed to verify token: jwt expired","timestamp":"2025-11-11T17:13:29.635Z"}
{"level":"error","message":"Failed to verify token: jwt expired","timestamp":"2025-11-11T17:13:29.641Z"}
{"level":"info","message":"from refresh token req.body : {\"__stripe_mid\":\"ad6f3088-818a-48d5-a05e-3c69aaa10f5a86574e\",\"accessToken\":\"eyJhbGciOiJIUzI1NiIsInR5cCI6IkpXVCJ9.eyJpZCI6IjY4ZGExNjEwYzc0MDk4YjJhZWY3YzVmNiIsInJvbGUiOiJ1c2VyIiwiaWF0IjoxNzYyODc4NjYwLCJleHAiOjE3NjI4Nzk1NjB9.I8TjuUpTXyXy4ml_na2tp3I8fUdyUwOZBhjUoBwu9I4\",\"refreshToken\":\"eyJhbGciOiJIUzI1NiIsInR5cCI6IkpXVCJ9.eyJpZCI6IjY4ZGExNjEwYzc0MDk4YjJhZWY3YzVmNiIsInJvbGUiOiJ1c2VyIiwiaWF0IjoxNzYyODc4NjYwLCJleHAiOjE3NjM0ODM0NjB9.AHnjk00RQkC8SdaZPA5sRB9042yw1d_x9wohQSKA_zI\",\"__next_hmr_refresh_hash__\":\"791\"}","timestamp":"2025-11-11T17:13:29.652Z"}
{"level":"info","message":"userId:eyJhbGciOiJIUzI1NiIsInR5cCI6IkpXVCJ9.eyJpZCI6IjY4ZGExNjEwYzc0MDk4YjJhZWY3YzVmNiIsInJvbGUiOiJ1c2VyIiwiaWF0IjoxNzYyODc4NjYwLCJleHAiOjE3NjM0ODM0NjB9.AHnjk00RQkC8SdaZPA5sRB9042yw1d_x9wohQSKA_zI","timestamp":"2025-11-11T17:13:29.653Z"}
{"level":"error","message":"--- Error Handler ---","timestamp":"2025-11-11T17:13:29.655Z"}
{"level":"error","message":"Name:","timestamp":"2025-11-11T17:13:29.656Z"}
{"level":"info","message":"invalid signature","name":"JsonWebTokenError","timestamp":"2025-11-11T17:13:29.656Z"}
{"level":"error","message":"Message:","timestamp":"2025-11-11T17:13:29.657Z"}
{"level":"error","message":"Stack:","timestamp":"2025-11-11T17:13:29.658Z"}
{"level":"error","message":"----------------------","timestamp":"2025-11-11T17:13:29.659Z"}
{"level":"info","message":"from refresh token req.body : {\"__stripe_mid\":\"ad6f3088-818a-48d5-a05e-3c69aaa10f5a86574e\",\"accessToken\":\"eyJhbGciOiJIUzI1NiIsInR5cCI6IkpXVCJ9.eyJpZCI6IjY4ZGExNjEwYzc0MDk4YjJhZWY3YzVmNiIsInJvbGUiOiJ1c2VyIiwiaWF0IjoxNzYyODc4NjYwLCJleHAiOjE3NjI4Nzk1NjB9.I8TjuUpTXyXy4ml_na2tp3I8fUdyUwOZBhjUoBwu9I4\",\"refreshToken\":\"eyJhbGciOiJIUzI1NiIsInR5cCI6IkpXVCJ9.eyJpZCI6IjY4ZGExNjEwYzc0MDk4YjJhZWY3YzVmNiIsInJvbGUiOiJ1c2VyIiwiaWF0IjoxNzYyODc4NjYwLCJleHAiOjE3NjM0ODM0NjB9.AHnjk00RQkC8SdaZPA5sRB9042yw1d_x9wohQSKA_zI\",\"__next_hmr_refresh_hash__\":\"791\"}","timestamp":"2025-11-11T17:13:29.666Z"}
{"level":"info","message":"userId:eyJhbGciOiJIUzI1NiIsInR5cCI6IkpXVCJ9.eyJpZCI6IjY4ZGExNjEwYzc0MDk4YjJhZWY3YzVmNiIsInJvbGUiOiJ1c2VyIiwiaWF0IjoxNzYyODc4NjYwLCJleHAiOjE3NjM0ODM0NjB9.AHnjk00RQkC8SdaZPA5sRB9042yw1d_x9wohQSKA_zI","timestamp":"2025-11-11T17:13:29.668Z"}
{"level":"error","message":"--- Error Handler ---","timestamp":"2025-11-11T17:13:29.672Z"}
{"level":"error","message":"Name:","timestamp":"2025-11-11T17:13:29.672Z"}
{"level":"info","message":"invalid signature","name":"JsonWebTokenError","timestamp":"2025-11-11T17:13:29.673Z"}
{"level":"error","message":"Message:","timestamp":"2025-11-11T17:13:29.674Z"}
{"level":"error","message":"Stack:","timestamp":"2025-11-11T17:13:29.675Z"}
{"level":"error","message":"----------------------","timestamp":"2025-11-11T17:13:29.683Z"}
{"level":"info","message":[{"availableFoods":["sadfasdf","asdfsadf","asdfasdf"],"description":"sfg gsadf gsdfgsdfg ","discoveries":[],"duration":"1 day","id":"69118556f5e2c062368a9590","images":["https://res.cloudinary.com/djcbn6fkv/image/upload/v1762763343/Travel-Truck-Vendor-Document/llnwjaeynrhexj0uivdc.jpg"],"itinerary":[{"_id":"69118556f5e2c062368a9591","activities":["asdf","asdfsaf"],"day":1,"title":"sdf"},{"_id":"69118556f5e2c062368a9592","activities":["sadfadsf","asdfsdf"],"day":2,"title":"asdfsda"}],"price":234234,"title":"dasf"}],"timestamp":"2025-11-11T17:13:29.689Z"}
{"level":"info","message":[{"availableFoods":["sadfasdf","asdfsadf","asdfasdf"],"description":"sfg gsadf gsdfgsdfg ","discoveries":[],"duration":"1 day","id":"69118556f5e2c062368a9590","images":["https://res.cloudinary.com/djcbn6fkv/image/upload/v1762763343/Travel-Truck-Vendor-Document/llnwjaeynrhexj0uivdc.jpg"],"itinerary":[{"_id":"69118556f5e2c062368a9591","activities":["asdf","asdfsaf"],"day":1,"title":"sdf"},{"_id":"69118556f5e2c062368a9592","activities":["sadfadsf","asdfsdf"],"day":2,"title":"asdfsda"}],"price":234234,"title":"dasf"}],"timestamp":"2025-11-11T17:13:30.333Z"}
{"level":"error","message":"Failed to verify token: jwt expired","timestamp":"2025-11-11T17:13:30.363Z"}
{"level":"error","message":"Failed to verify token: jwt expired","timestamp":"2025-11-11T17:13:30.367Z"}
{"level":"info","message":"from refresh token req.body : {\"__stripe_mid\":\"ad6f3088-818a-48d5-a05e-3c69aaa10f5a86574e\",\"accessToken\":\"eyJhbGciOiJIUzI1NiIsInR5cCI6IkpXVCJ9.eyJpZCI6IjY4ZGExNjEwYzc0MDk4YjJhZWY3YzVmNiIsInJvbGUiOiJ1c2VyIiwiaWF0IjoxNzYyODc4NjYwLCJleHAiOjE3NjI4Nzk1NjB9.I8TjuUpTXyXy4ml_na2tp3I8fUdyUwOZBhjUoBwu9I4\",\"refreshToken\":\"eyJhbGciOiJIUzI1NiIsInR5cCI6IkpXVCJ9.eyJpZCI6IjY4ZGExNjEwYzc0MDk4YjJhZWY3YzVmNiIsInJvbGUiOiJ1c2VyIiwiaWF0IjoxNzYyODc4NjYwLCJleHAiOjE3NjM0ODM0NjB9.AHnjk00RQkC8SdaZPA5sRB9042yw1d_x9wohQSKA_zI\",\"__next_hmr_refresh_hash__\":\"791\"}","timestamp":"2025-11-11T17:13:30.371Z"}
{"level":"info","message":"userId:eyJhbGciOiJIUzI1NiIsInR5cCI6IkpXVCJ9.eyJpZCI6IjY4ZGExNjEwYzc0MDk4YjJhZWY3YzVmNiIsInJvbGUiOiJ1c2VyIiwiaWF0IjoxNzYyODc4NjYwLCJleHAiOjE3NjM0ODM0NjB9.AHnjk00RQkC8SdaZPA5sRB9042yw1d_x9wohQSKA_zI","timestamp":"2025-11-11T17:13:30.372Z"}
{"level":"error","message":"--- Error Handler ---","timestamp":"2025-11-11T17:13:30.373Z"}
{"level":"error","message":"Name:","timestamp":"2025-11-11T17:13:30.373Z"}
{"level":"info","message":"invalid signature","name":"JsonWebTokenError","timestamp":"2025-11-11T17:13:30.374Z"}
{"level":"error","message":"Message:","timestamp":"2025-11-11T17:13:30.374Z"}
{"level":"error","message":"Stack:","timestamp":"2025-11-11T17:13:30.374Z"}
{"level":"error","message":"----------------------","timestamp":"2025-11-11T17:13:30.374Z"}
{"level":"info","message":"from refresh token req.body : {\"__stripe_mid\":\"ad6f3088-818a-48d5-a05e-3c69aaa10f5a86574e\",\"accessToken\":\"eyJhbGciOiJIUzI1NiIsInR5cCI6IkpXVCJ9.eyJpZCI6IjY4ZGExNjEwYzc0MDk4YjJhZWY3YzVmNiIsInJvbGUiOiJ1c2VyIiwiaWF0IjoxNzYyODc4NjYwLCJleHAiOjE3NjI4Nzk1NjB9.I8TjuUpTXyXy4ml_na2tp3I8fUdyUwOZBhjUoBwu9I4\",\"refreshToken\":\"eyJhbGciOiJIUzI1NiIsInR5cCI6IkpXVCJ9.eyJpZCI6IjY4ZGExNjEwYzc0MDk4YjJhZWY3YzVmNiIsInJvbGUiOiJ1c2VyIiwiaWF0IjoxNzYyODc4NjYwLCJleHAiOjE3NjM0ODM0NjB9.AHnjk00RQkC8SdaZPA5sRB9042yw1d_x9wohQSKA_zI\",\"__next_hmr_refresh_hash__\":\"791\"}","timestamp":"2025-11-11T17:13:30.376Z"}
{"level":"info","message":"userId:eyJhbGciOiJIUzI1NiIsInR5cCI6IkpXVCJ9.eyJpZCI6IjY4ZGExNjEwYzc0MDk4YjJhZWY3YzVmNiIsInJvbGUiOiJ1c2VyIiwiaWF0IjoxNzYyODc4NjYwLCJleHAiOjE3NjM0ODM0NjB9.AHnjk00RQkC8SdaZPA5sRB9042yw1d_x9wohQSKA_zI","timestamp":"2025-11-11T17:13:30.377Z"}
{"level":"error","message":"--- Error Handler ---","timestamp":"2025-11-11T17:13:30.381Z"}
{"level":"error","message":"Name:","timestamp":"2025-11-11T17:13:30.383Z"}
{"level":"info","message":"invalid signature","name":"JsonWebTokenError","timestamp":"2025-11-11T17:13:30.383Z"}
{"level":"error","message":"Message:","timestamp":"2025-11-11T17:13:30.383Z"}
{"level":"error","message":"Stack:","timestamp":"2025-11-11T17:13:30.384Z"}
{"level":"error","message":"----------------------","timestamp":"2025-11-11T17:13:30.384Z"}
{"level":"info","message":[{"availableFoods":["sadfasdf","asdfsadf","asdfasdf"],"description":"sfg gsadf gsdfgsdfg ","discoveries":[],"duration":"1 day","id":"69118556f5e2c062368a9590","images":["https://res.cloudinary.com/djcbn6fkv/image/upload/v1762763343/Travel-Truck-Vendor-Document/llnwjaeynrhexj0uivdc.jpg"],"itinerary":[{"_id":"69118556f5e2c062368a9591","activities":["asdf","asdfsaf"],"day":1,"title":"sdf"},{"_id":"69118556f5e2c062368a9592","activities":["sadfadsf","asdfsdf"],"day":2,"title":"asdfsda"}],"price":234234,"title":"dasf"}],"timestamp":"2025-11-11T17:13:30.387Z"}
{"level":"info","message":[{"availableFoods":["sadfasdf","asdfsadf","asdfasdf"],"description":"sfg gsadf gsdfgsdfg ","discoveries":[],"duration":"1 day","id":"69118556f5e2c062368a9590","images":["https://res.cloudinary.com/djcbn6fkv/image/upload/v1762763343/Travel-Truck-Vendor-Document/llnwjaeynrhexj0uivdc.jpg"],"itinerary":[{"_id":"69118556f5e2c062368a9591","activities":["asdf","asdfsaf"],"day":1,"title":"sdf"},{"_id":"69118556f5e2c062368a9592","activities":["sadfadsf","asdfsdf"],"day":2,"title":"asdfsda"}],"price":234234,"title":"dasf"}],"timestamp":"2025-11-11T17:13:31.115Z"}
{"level":"info","message":[{"availableFoods":["sadfasdf","asdfsadf","asdfasdf"],"description":"sfg gsadf gsdfgsdfg ","discoveries":[],"duration":"1 day","id":"69118556f5e2c062368a9590","images":["https://res.cloudinary.com/djcbn6fkv/image/upload/v1762763343/Travel-Truck-Vendor-Document/llnwjaeynrhexj0uivdc.jpg"],"itinerary":[{"_id":"69118556f5e2c062368a9591","activities":["asdf","asdfsaf"],"day":1,"title":"sdf"},{"_id":"69118556f5e2c062368a9592","activities":["sadfadsf","asdfsdf"],"day":2,"title":"asdfsda"}],"price":234234,"title":"dasf"}],"timestamp":"2025-11-11T17:13:31.168Z"}
{"level":"error","message":"Failed to verify token: jwt expired","timestamp":"2025-11-11T17:13:31.198Z"}
{"level":"error","message":"Failed to verify token: jwt expired","timestamp":"2025-11-11T17:13:31.203Z"}
{"level":"info","message":"from refresh token req.body : {\"__stripe_mid\":\"ad6f3088-818a-48d5-a05e-3c69aaa10f5a86574e\",\"accessToken\":\"eyJhbGciOiJIUzI1NiIsInR5cCI6IkpXVCJ9.eyJpZCI6IjY4ZGExNjEwYzc0MDk4YjJhZWY3YzVmNiIsInJvbGUiOiJ1c2VyIiwiaWF0IjoxNzYyODc4NjYwLCJleHAiOjE3NjI4Nzk1NjB9.I8TjuUpTXyXy4ml_na2tp3I8fUdyUwOZBhjUoBwu9I4\",\"refreshToken\":\"eyJhbGciOiJIUzI1NiIsInR5cCI6IkpXVCJ9.eyJpZCI6IjY4ZGExNjEwYzc0MDk4YjJhZWY3YzVmNiIsInJvbGUiOiJ1c2VyIiwiaWF0IjoxNzYyODc4NjYwLCJleHAiOjE3NjM0ODM0NjB9.AHnjk00RQkC8SdaZPA5sRB9042yw1d_x9wohQSKA_zI\",\"__next_hmr_refresh_hash__\":\"791\"}","timestamp":"2025-11-11T17:13:31.216Z"}
{"level":"info","message":"userId:eyJhbGciOiJIUzI1NiIsInR5cCI6IkpXVCJ9.eyJpZCI6IjY4ZGExNjEwYzc0MDk4YjJhZWY3YzVmNiIsInJvbGUiOiJ1c2VyIiwiaWF0IjoxNzYyODc4NjYwLCJleHAiOjE3NjM0ODM0NjB9.AHnjk00RQkC8SdaZPA5sRB9042yw1d_x9wohQSKA_zI","timestamp":"2025-11-11T17:13:31.217Z"}
{"level":"error","message":"--- Error Handler ---","timestamp":"2025-11-11T17:13:31.219Z"}
{"level":"error","message":"Name:","timestamp":"2025-11-11T17:13:31.220Z"}
{"level":"info","message":"invalid signature","name":"JsonWebTokenError","timestamp":"2025-11-11T17:13:31.220Z"}
{"level":"error","message":"Message:","timestamp":"2025-11-11T17:13:31.220Z"}
{"level":"error","message":"Stack:","timestamp":"2025-11-11T17:13:31.220Z"}
{"level":"error","message":"----------------------","timestamp":"2025-11-11T17:13:31.220Z"}
{"level":"info","message":"from refresh token req.body : {\"__stripe_mid\":\"ad6f3088-818a-48d5-a05e-3c69aaa10f5a86574e\",\"accessToken\":\"eyJhbGciOiJIUzI1NiIsInR5cCI6IkpXVCJ9.eyJpZCI6IjY4ZGExNjEwYzc0MDk4YjJhZWY3YzVmNiIsInJvbGUiOiJ1c2VyIiwiaWF0IjoxNzYyODc4NjYwLCJleHAiOjE3NjI4Nzk1NjB9.I8TjuUpTXyXy4ml_na2tp3I8fUdyUwOZBhjUoBwu9I4\",\"refreshToken\":\"eyJhbGciOiJIUzI1NiIsInR5cCI6IkpXVCJ9.eyJpZCI6IjY4ZGExNjEwYzc0MDk4YjJhZWY3YzVmNiIsInJvbGUiOiJ1c2VyIiwiaWF0IjoxNzYyODc4NjYwLCJleHAiOjE3NjM0ODM0NjB9.AHnjk00RQkC8SdaZPA5sRB9042yw1d_x9wohQSKA_zI\",\"__next_hmr_refresh_hash__\":\"791\"}","timestamp":"2025-11-11T17:13:31.222Z"}
{"level":"info","message":"userId:eyJhbGciOiJIUzI1NiIsInR5cCI6IkpXVCJ9.eyJpZCI6IjY4ZGExNjEwYzc0MDk4YjJhZWY3YzVmNiIsInJvbGUiOiJ1c2VyIiwiaWF0IjoxNzYyODc4NjYwLCJleHAiOjE3NjM0ODM0NjB9.AHnjk00RQkC8SdaZPA5sRB9042yw1d_x9wohQSKA_zI","timestamp":"2025-11-11T17:13:31.222Z"}
{"level":"error","message":"--- Error Handler ---","timestamp":"2025-11-11T17:13:31.224Z"}
{"level":"error","message":"Name:","timestamp":"2025-11-11T17:13:31.225Z"}
{"level":"info","message":"invalid signature","name":"JsonWebTokenError","timestamp":"2025-11-11T17:13:31.225Z"}
{"level":"error","message":"Message:","timestamp":"2025-11-11T17:13:31.225Z"}
{"level":"error","message":"Stack:","timestamp":"2025-11-11T17:13:31.226Z"}
{"level":"error","message":"----------------------","timestamp":"2025-11-11T17:13:31.226Z"}
{"level":"info","message":[{"availableFoods":["sadfasdf","asdfsadf","asdfasdf"],"description":"sfg gsadf gsdfgsdfg ","discoveries":[],"duration":"1 day","id":"69118556f5e2c062368a9590","images":["https://res.cloudinary.com/djcbn6fkv/image/upload/v1762763343/Travel-Truck-Vendor-Document/llnwjaeynrhexj0uivdc.jpg"],"itinerary":[{"_id":"69118556f5e2c062368a9591","activities":["asdf","asdfsaf"],"day":1,"title":"sdf"},{"_id":"69118556f5e2c062368a9592","activities":["sadfadsf","asdfsdf"],"day":2,"title":"asdfsda"}],"price":234234,"title":"dasf"}],"timestamp":"2025-11-11T17:13:31.983Z"}
{"level":"error","message":"Failed to verify token: jwt expired","timestamp":"2025-11-11T17:13:32.011Z"}
{"level":"error","message":"Failed to verify token: jwt expired","timestamp":"2025-11-11T17:13:32.016Z"}
{"level":"info","message":"from refresh token req.body : {\"__stripe_mid\":\"ad6f3088-818a-48d5-a05e-3c69aaa10f5a86574e\",\"accessToken\":\"eyJhbGciOiJIUzI1NiIsInR5cCI6IkpXVCJ9.eyJpZCI6IjY4ZGExNjEwYzc0MDk4YjJhZWY3YzVmNiIsInJvbGUiOiJ1c2VyIiwiaWF0IjoxNzYyODc4NjYwLCJleHAiOjE3NjI4Nzk1NjB9.I8TjuUpTXyXy4ml_na2tp3I8fUdyUwOZBhjUoBwu9I4\",\"refreshToken\":\"eyJhbGciOiJIUzI1NiIsInR5cCI6IkpXVCJ9.eyJpZCI6IjY4ZGExNjEwYzc0MDk4YjJhZWY3YzVmNiIsInJvbGUiOiJ1c2VyIiwiaWF0IjoxNzYyODc4NjYwLCJleHAiOjE3NjM0ODM0NjB9.AHnjk00RQkC8SdaZPA5sRB9042yw1d_x9wohQSKA_zI\",\"__next_hmr_refresh_hash__\":\"791\"}","timestamp":"2025-11-11T17:13:32.023Z"}
{"level":"info","message":"userId:eyJhbGciOiJIUzI1NiIsInR5cCI6IkpXVCJ9.eyJpZCI6IjY4ZGExNjEwYzc0MDk4YjJhZWY3YzVmNiIsInJvbGUiOiJ1c2VyIiwiaWF0IjoxNzYyODc4NjYwLCJleHAiOjE3NjM0ODM0NjB9.AHnjk00RQkC8SdaZPA5sRB9042yw1d_x9wohQSKA_zI","timestamp":"2025-11-11T17:13:32.024Z"}
{"level":"error","message":"--- Error Handler ---","timestamp":"2025-11-11T17:13:32.025Z"}
{"level":"error","message":"Name:","timestamp":"2025-11-11T17:13:32.026Z"}
{"level":"info","message":"invalid signature","name":"JsonWebTokenError","timestamp":"2025-11-11T17:13:32.026Z"}
{"level":"error","message":"Message:","timestamp":"2025-11-11T17:13:32.026Z"}
{"level":"error","message":"Stack:","timestamp":"2025-11-11T17:13:32.027Z"}
{"level":"error","message":"----------------------","timestamp":"2025-11-11T17:13:32.027Z"}
{"level":"info","message":"from refresh token req.body : {\"__stripe_mid\":\"ad6f3088-818a-48d5-a05e-3c69aaa10f5a86574e\",\"accessToken\":\"eyJhbGciOiJIUzI1NiIsInR5cCI6IkpXVCJ9.eyJpZCI6IjY4ZGExNjEwYzc0MDk4YjJhZWY3YzVmNiIsInJvbGUiOiJ1c2VyIiwiaWF0IjoxNzYyODc4NjYwLCJleHAiOjE3NjI4Nzk1NjB9.I8TjuUpTXyXy4ml_na2tp3I8fUdyUwOZBhjUoBwu9I4\",\"refreshToken\":\"eyJhbGciOiJIUzI1NiIsInR5cCI6IkpXVCJ9.eyJpZCI6IjY4ZGExNjEwYzc0MDk4YjJhZWY3YzVmNiIsInJvbGUiOiJ1c2VyIiwiaWF0IjoxNzYyODc4NjYwLCJleHAiOjE3NjM0ODM0NjB9.AHnjk00RQkC8SdaZPA5sRB9042yw1d_x9wohQSKA_zI\",\"__next_hmr_refresh_hash__\":\"791\"}","timestamp":"2025-11-11T17:13:32.030Z"}
{"level":"info","message":"userId:eyJhbGciOiJIUzI1NiIsInR5cCI6IkpXVCJ9.eyJpZCI6IjY4ZGExNjEwYzc0MDk4YjJhZWY3YzVmNiIsInJvbGUiOiJ1c2VyIiwiaWF0IjoxNzYyODc4NjYwLCJleHAiOjE3NjM0ODM0NjB9.AHnjk00RQkC8SdaZPA5sRB9042yw1d_x9wohQSKA_zI","timestamp":"2025-11-11T17:13:32.031Z"}
{"level":"error","message":"--- Error Handler ---","timestamp":"2025-11-11T17:13:32.033Z"}
{"level":"error","message":"Name:","timestamp":"2025-11-11T17:13:32.034Z"}
{"level":"info","message":"invalid signature","name":"JsonWebTokenError","timestamp":"2025-11-11T17:13:32.035Z"}
{"level":"error","message":"Message:","timestamp":"2025-11-11T17:13:32.035Z"}
{"level":"error","message":"Stack:","timestamp":"2025-11-11T17:13:32.036Z"}
{"level":"error","message":"----------------------","timestamp":"2025-11-11T17:13:32.036Z"}
{"level":"info","message":[{"availableFoods":["sadfasdf","asdfsadf","asdfasdf"],"description":"sfg gsadf gsdfgsdfg ","discoveries":[],"duration":"1 day","id":"69118556f5e2c062368a9590","images":["https://res.cloudinary.com/djcbn6fkv/image/upload/v1762763343/Travel-Truck-Vendor-Document/llnwjaeynrhexj0uivdc.jpg"],"itinerary":[{"_id":"69118556f5e2c062368a9591","activities":["asdf","asdfsaf"],"day":1,"title":"sdf"},{"_id":"69118556f5e2c062368a9592","activities":["sadfadsf","asdfsdf"],"day":2,"title":"asdfsda"}],"price":234234,"title":"dasf"}],"timestamp":"2025-11-11T17:13:32.039Z"}
{"level":"info","message":[{"availableFoods":["sadfasdf","asdfsadf","asdfasdf"],"description":"sfg gsadf gsdfgsdfg ","discoveries":[],"duration":"1 day","id":"69118556f5e2c062368a9590","images":["https://res.cloudinary.com/djcbn6fkv/image/upload/v1762763343/Travel-Truck-Vendor-Document/llnwjaeynrhexj0uivdc.jpg"],"itinerary":[{"_id":"69118556f5e2c062368a9591","activities":["asdf","asdfsaf"],"day":1,"title":"sdf"},{"_id":"69118556f5e2c062368a9592","activities":["sadfadsf","asdfsdf"],"day":2,"title":"asdfsda"}],"price":234234,"title":"dasf"}],"timestamp":"2025-11-11T17:13:32.808Z"}
{"level":"error","message":"Failed to verify token: jwt expired","timestamp":"2025-11-11T17:13:32.841Z"}
{"level":"error","message":"Failed to verify token: jwt expired","timestamp":"2025-11-11T17:13:32.847Z"}
{"level":"info","message":"from refresh token req.body : {\"__stripe_mid\":\"ad6f3088-818a-48d5-a05e-3c69aaa10f5a86574e\",\"accessToken\":\"eyJhbGciOiJIUzI1NiIsInR5cCI6IkpXVCJ9.eyJpZCI6IjY4ZGExNjEwYzc0MDk4YjJhZWY3YzVmNiIsInJvbGUiOiJ1c2VyIiwiaWF0IjoxNzYyODc4NjYwLCJleHAiOjE3NjI4Nzk1NjB9.I8TjuUpTXyXy4ml_na2tp3I8fUdyUwOZBhjUoBwu9I4\",\"refreshToken\":\"eyJhbGciOiJIUzI1NiIsInR5cCI6IkpXVCJ9.eyJpZCI6IjY4ZGExNjEwYzc0MDk4YjJhZWY3YzVmNiIsInJvbGUiOiJ1c2VyIiwiaWF0IjoxNzYyODc4NjYwLCJleHAiOjE3NjM0ODM0NjB9.AHnjk00RQkC8SdaZPA5sRB9042yw1d_x9wohQSKA_zI\",\"__next_hmr_refresh_hash__\":\"791\"}","timestamp":"2025-11-11T17:13:32.854Z"}
{"level":"info","message":"userId:eyJhbGciOiJIUzI1NiIsInR5cCI6IkpXVCJ9.eyJpZCI6IjY4ZGExNjEwYzc0MDk4YjJhZWY3YzVmNiIsInJvbGUiOiJ1c2VyIiwiaWF0IjoxNzYyODc4NjYwLCJleHAiOjE3NjM0ODM0NjB9.AHnjk00RQkC8SdaZPA5sRB9042yw1d_x9wohQSKA_zI","timestamp":"2025-11-11T17:13:32.856Z"}
{"level":"error","message":"--- Error Handler ---","timestamp":"2025-11-11T17:13:32.858Z"}
{"level":"error","message":"Name:","timestamp":"2025-11-11T17:13:32.859Z"}
{"level":"info","message":"invalid signature","name":"JsonWebTokenError","timestamp":"2025-11-11T17:13:32.859Z"}
{"level":"error","message":"Message:","timestamp":"2025-11-11T17:13:32.859Z"}
{"level":"error","message":"Stack:","timestamp":"2025-11-11T17:13:32.859Z"}
{"level":"error","message":"----------------------","timestamp":"2025-11-11T17:13:32.860Z"}
{"level":"info","message":"from refresh token req.body : {\"__stripe_mid\":\"ad6f3088-818a-48d5-a05e-3c69aaa10f5a86574e\",\"accessToken\":\"eyJhbGciOiJIUzI1NiIsInR5cCI6IkpXVCJ9.eyJpZCI6IjY4ZGExNjEwYzc0MDk4YjJhZWY3YzVmNiIsInJvbGUiOiJ1c2VyIiwiaWF0IjoxNzYyODc4NjYwLCJleHAiOjE3NjI4Nzk1NjB9.I8TjuUpTXyXy4ml_na2tp3I8fUdyUwOZBhjUoBwu9I4\",\"refreshToken\":\"eyJhbGciOiJIUzI1NiIsInR5cCI6IkpXVCJ9.eyJpZCI6IjY4ZGExNjEwYzc0MDk4YjJhZWY3YzVmNiIsInJvbGUiOiJ1c2VyIiwiaWF0IjoxNzYyODc4NjYwLCJleHAiOjE3NjM0ODM0NjB9.AHnjk00RQkC8SdaZPA5sRB9042yw1d_x9wohQSKA_zI\",\"__next_hmr_refresh_hash__\":\"791\"}","timestamp":"2025-11-11T17:13:32.863Z"}
{"level":"info","message":"userId:eyJhbGciOiJIUzI1NiIsInR5cCI6IkpXVCJ9.eyJpZCI6IjY4ZGExNjEwYzc0MDk4YjJhZWY3YzVmNiIsInJvbGUiOiJ1c2VyIiwiaWF0IjoxNzYyODc4NjYwLCJleHAiOjE3NjM0ODM0NjB9.AHnjk00RQkC8SdaZPA5sRB9042yw1d_x9wohQSKA_zI","timestamp":"2025-11-11T17:13:32.864Z"}
{"level":"error","message":"--- Error Handler ---","timestamp":"2025-11-11T17:13:32.866Z"}
{"level":"error","message":"Name:","timestamp":"2025-11-11T17:13:32.866Z"}
{"level":"info","message":"invalid signature","name":"JsonWebTokenError","timestamp":"2025-11-11T17:13:32.867Z"}
{"level":"error","message":"Message:","timestamp":"2025-11-11T17:13:32.868Z"}
{"level":"error","message":"Stack:","timestamp":"2025-11-11T17:13:32.868Z"}
{"level":"error","message":"----------------------","timestamp":"2025-11-11T17:13:32.869Z"}
{"level":"info","message":[{"availableFoods":["sadfasdf","asdfsadf","asdfasdf"],"description":"sfg gsadf gsdfgsdfg ","discoveries":[],"duration":"1 day","id":"69118556f5e2c062368a9590","images":["https://res.cloudinary.com/djcbn6fkv/image/upload/v1762763343/Travel-Truck-Vendor-Document/llnwjaeynrhexj0uivdc.jpg"],"itinerary":[{"_id":"69118556f5e2c062368a9591","activities":["asdf","asdfsaf"],"day":1,"title":"sdf"},{"_id":"69118556f5e2c062368a9592","activities":["sadfadsf","asdfsdf"],"day":2,"title":"asdfsda"}],"price":234234,"title":"dasf"}],"timestamp":"2025-11-11T17:13:32.872Z"}
{"level":"info","message":[{"availableFoods":["sadfasdf","asdfsadf","asdfasdf"],"description":"sfg gsadf gsdfgsdfg ","discoveries":[],"duration":"1 day","id":"69118556f5e2c062368a9590","images":["https://res.cloudinary.com/djcbn6fkv/image/upload/v1762763343/Travel-Truck-Vendor-Document/llnwjaeynrhexj0uivdc.jpg"],"itinerary":[{"_id":"69118556f5e2c062368a9591","activities":["asdf","asdfsaf"],"day":1,"title":"sdf"},{"_id":"69118556f5e2c062368a9592","activities":["sadfadsf","asdfsdf"],"day":2,"title":"asdfsda"}],"price":234234,"title":"dasf"}],"timestamp":"2025-11-11T17:13:33.825Z"}
{"level":"error","message":"Failed to verify token: jwt expired","timestamp":"2025-11-11T17:13:33.852Z"}
{"level":"error","message":"Failed to verify token: jwt expired","timestamp":"2025-11-11T17:13:33.855Z"}
{"level":"info","message":"from refresh token req.body : {\"__stripe_mid\":\"ad6f3088-818a-48d5-a05e-3c69aaa10f5a86574e\",\"accessToken\":\"eyJhbGciOiJIUzI1NiIsInR5cCI6IkpXVCJ9.eyJpZCI6IjY4ZGExNjEwYzc0MDk4YjJhZWY3YzVmNiIsInJvbGUiOiJ1c2VyIiwiaWF0IjoxNzYyODc4NjYwLCJleHAiOjE3NjI4Nzk1NjB9.I8TjuUpTXyXy4ml_na2tp3I8fUdyUwOZBhjUoBwu9I4\",\"refreshToken\":\"eyJhbGciOiJIUzI1NiIsInR5cCI6IkpXVCJ9.eyJpZCI6IjY4ZGExNjEwYzc0MDk4YjJhZWY3YzVmNiIsInJvbGUiOiJ1c2VyIiwiaWF0IjoxNzYyODc4NjYwLCJleHAiOjE3NjM0ODM0NjB9.AHnjk00RQkC8SdaZPA5sRB9042yw1d_x9wohQSKA_zI\",\"__next_hmr_refresh_hash__\":\"791\"}","timestamp":"2025-11-11T17:13:33.859Z"}
{"level":"info","message":"userId:eyJhbGciOiJIUzI1NiIsInR5cCI6IkpXVCJ9.eyJpZCI6IjY4ZGExNjEwYzc0MDk4YjJhZWY3YzVmNiIsInJvbGUiOiJ1c2VyIiwiaWF0IjoxNzYyODc4NjYwLCJleHAiOjE3NjM0ODM0NjB9.AHnjk00RQkC8SdaZPA5sRB9042yw1d_x9wohQSKA_zI","timestamp":"2025-11-11T17:13:33.862Z"}
{"level":"error","message":"--- Error Handler ---","timestamp":"2025-11-11T17:13:33.864Z"}
{"level":"error","message":"Name:","timestamp":"2025-11-11T17:13:33.865Z"}
{"level":"info","message":"invalid signature","name":"JsonWebTokenError","timestamp":"2025-11-11T17:13:33.865Z"}
{"level":"error","message":"Message:","timestamp":"2025-11-11T17:13:33.865Z"}
{"level":"error","message":"Stack:","timestamp":"2025-11-11T17:13:33.865Z"}
{"level":"error","message":"----------------------","timestamp":"2025-11-11T17:13:33.865Z"}
{"level":"info","message":"from refresh token req.body : {\"__stripe_mid\":\"ad6f3088-818a-48d5-a05e-3c69aaa10f5a86574e\",\"accessToken\":\"eyJhbGciOiJIUzI1NiIsInR5cCI6IkpXVCJ9.eyJpZCI6IjY4ZGExNjEwYzc0MDk4YjJhZWY3YzVmNiIsInJvbGUiOiJ1c2VyIiwiaWF0IjoxNzYyODc4NjYwLCJleHAiOjE3NjI4Nzk1NjB9.I8TjuUpTXyXy4ml_na2tp3I8fUdyUwOZBhjUoBwu9I4\",\"refreshToken\":\"eyJhbGciOiJIUzI1NiIsInR5cCI6IkpXVCJ9.eyJpZCI6IjY4ZGExNjEwYzc0MDk4YjJhZWY3YzVmNiIsInJvbGUiOiJ1c2VyIiwiaWF0IjoxNzYyODc4NjYwLCJleHAiOjE3NjM0ODM0NjB9.AHnjk00RQkC8SdaZPA5sRB9042yw1d_x9wohQSKA_zI\",\"__next_hmr_refresh_hash__\":\"791\"}","timestamp":"2025-11-11T17:13:33.867Z"}
{"level":"info","message":"userId:eyJhbGciOiJIUzI1NiIsInR5cCI6IkpXVCJ9.eyJpZCI6IjY4ZGExNjEwYzc0MDk4YjJhZWY3YzVmNiIsInJvbGUiOiJ1c2VyIiwiaWF0IjoxNzYyODc4NjYwLCJleHAiOjE3NjM0ODM0NjB9.AHnjk00RQkC8SdaZPA5sRB9042yw1d_x9wohQSKA_zI","timestamp":"2025-11-11T17:13:33.868Z"}
{"level":"error","message":"--- Error Handler ---","timestamp":"2025-11-11T17:13:33.870Z"}
{"level":"error","message":"Name:","timestamp":"2025-11-11T17:13:33.870Z"}
{"level":"info","message":"invalid signature","name":"JsonWebTokenError","timestamp":"2025-11-11T17:13:33.871Z"}
{"level":"error","message":"Message:","timestamp":"2025-11-11T17:13:33.871Z"}
{"level":"error","message":"Stack:","timestamp":"2025-11-11T17:13:33.871Z"}
{"level":"error","message":"----------------------","timestamp":"2025-11-11T17:13:33.872Z"}
{"level":"info","message":[{"availableFoods":["sadfasdf","asdfsadf","asdfasdf"],"description":"sfg gsadf gsdfgsdfg ","discoveries":[],"duration":"1 day","id":"69118556f5e2c062368a9590","images":["https://res.cloudinary.com/djcbn6fkv/image/upload/v1762763343/Travel-Truck-Vendor-Document/llnwjaeynrhexj0uivdc.jpg"],"itinerary":[{"_id":"69118556f5e2c062368a9591","activities":["asdf","asdfsaf"],"day":1,"title":"sdf"},{"_id":"69118556f5e2c062368a9592","activities":["sadfadsf","asdfsdf"],"day":2,"title":"asdfsda"}],"price":234234,"title":"dasf"}],"timestamp":"2025-11-11T17:13:33.880Z"}
{"level":"info","message":[{"availableFoods":["sadfasdf","asdfsadf","asdfasdf"],"description":"sfg gsadf gsdfgsdfg ","discoveries":[],"duration":"1 day","id":"69118556f5e2c062368a9590","images":["https://res.cloudinary.com/djcbn6fkv/image/upload/v1762763343/Travel-Truck-Vendor-Document/llnwjaeynrhexj0uivdc.jpg"],"itinerary":[{"_id":"69118556f5e2c062368a9591","activities":["asdf","asdfsaf"],"day":1,"title":"sdf"},{"_id":"69118556f5e2c062368a9592","activities":["sadfadsf","asdfsdf"],"day":2,"title":"asdfsda"}],"price":234234,"title":"dasf"}],"timestamp":"2025-11-11T17:13:34.823Z"}
{"level":"error","message":"Failed to verify token: jwt expired","timestamp":"2025-11-11T17:13:34.856Z"}
{"level":"error","message":"Failed to verify token: jwt expired","timestamp":"2025-11-11T17:13:34.866Z"}
{"level":"info","message":[{"availableFoods":["sadfasdf","asdfsadf","asdfasdf"],"description":"sfg gsadf gsdfgsdfg ","discoveries":[],"duration":"1 day","id":"69118556f5e2c062368a9590","images":["https://res.cloudinary.com/djcbn6fkv/image/upload/v1762763343/Travel-Truck-Vendor-Document/llnwjaeynrhexj0uivdc.jpg"],"itinerary":[{"_id":"69118556f5e2c062368a9591","activities":["asdf","asdfsaf"],"day":1,"title":"sdf"},{"_id":"69118556f5e2c062368a9592","activities":["sadfadsf","asdfsdf"],"day":2,"title":"asdfsda"}],"price":234234,"title":"dasf"}],"timestamp":"2025-11-11T17:13:34.894Z"}
{"level":"info","message":"from refresh token req.body : {\"__stripe_mid\":\"ad6f3088-818a-48d5-a05e-3c69aaa10f5a86574e\",\"accessToken\":\"eyJhbGciOiJIUzI1NiIsInR5cCI6IkpXVCJ9.eyJpZCI6IjY4ZGExNjEwYzc0MDk4YjJhZWY3YzVmNiIsInJvbGUiOiJ1c2VyIiwiaWF0IjoxNzYyODc4NjYwLCJleHAiOjE3NjI4Nzk1NjB9.I8TjuUpTXyXy4ml_na2tp3I8fUdyUwOZBhjUoBwu9I4\",\"refreshToken\":\"eyJhbGciOiJIUzI1NiIsInR5cCI6IkpXVCJ9.eyJpZCI6IjY4ZGExNjEwYzc0MDk4YjJhZWY3YzVmNiIsInJvbGUiOiJ1c2VyIiwiaWF0IjoxNzYyODc4NjYwLCJleHAiOjE3NjM0ODM0NjB9.AHnjk00RQkC8SdaZPA5sRB9042yw1d_x9wohQSKA_zI\",\"__next_hmr_refresh_hash__\":\"791\"}","timestamp":"2025-11-11T17:13:34.909Z"}
{"level":"info","message":"userId:eyJhbGciOiJIUzI1NiIsInR5cCI6IkpXVCJ9.eyJpZCI6IjY4ZGExNjEwYzc0MDk4YjJhZWY3YzVmNiIsInJvbGUiOiJ1c2VyIiwiaWF0IjoxNzYyODc4NjYwLCJleHAiOjE3NjM0ODM0NjB9.AHnjk00RQkC8SdaZPA5sRB9042yw1d_x9wohQSKA_zI","timestamp":"2025-11-11T17:13:34.911Z"}
{"level":"error","message":"--- Error Handler ---","timestamp":"2025-11-11T17:13:34.916Z"}
{"level":"error","message":"Name:","timestamp":"2025-11-11T17:13:34.917Z"}
{"level":"info","message":"invalid signature","name":"JsonWebTokenError","timestamp":"2025-11-11T17:13:34.917Z"}
{"level":"error","message":"Message:","timestamp":"2025-11-11T17:13:34.918Z"}
{"level":"error","message":"Stack:","timestamp":"2025-11-11T17:13:34.918Z"}
{"level":"error","message":"----------------------","timestamp":"2025-11-11T17:13:34.919Z"}
{"level":"info","message":"from refresh token req.body : {\"__stripe_mid\":\"ad6f3088-818a-48d5-a05e-3c69aaa10f5a86574e\",\"accessToken\":\"eyJhbGciOiJIUzI1NiIsInR5cCI6IkpXVCJ9.eyJpZCI6IjY4ZGExNjEwYzc0MDk4YjJhZWY3YzVmNiIsInJvbGUiOiJ1c2VyIiwiaWF0IjoxNzYyODc4NjYwLCJleHAiOjE3NjI4Nzk1NjB9.I8TjuUpTXyXy4ml_na2tp3I8fUdyUwOZBhjUoBwu9I4\",\"refreshToken\":\"eyJhbGciOiJIUzI1NiIsInR5cCI6IkpXVCJ9.eyJpZCI6IjY4ZGExNjEwYzc0MDk4YjJhZWY3YzVmNiIsInJvbGUiOiJ1c2VyIiwiaWF0IjoxNzYyODc4NjYwLCJleHAiOjE3NjM0ODM0NjB9.AHnjk00RQkC8SdaZPA5sRB9042yw1d_x9wohQSKA_zI\",\"__next_hmr_refresh_hash__\":\"791\"}","timestamp":"2025-11-11T17:13:34.922Z"}
{"level":"info","message":"userId:eyJhbGciOiJIUzI1NiIsInR5cCI6IkpXVCJ9.eyJpZCI6IjY4ZGExNjEwYzc0MDk4YjJhZWY3YzVmNiIsInJvbGUiOiJ1c2VyIiwiaWF0IjoxNzYyODc4NjYwLCJleHAiOjE3NjM0ODM0NjB9.AHnjk00RQkC8SdaZPA5sRB9042yw1d_x9wohQSKA_zI","timestamp":"2025-11-11T17:13:34.924Z"}
{"level":"error","message":"--- Error Handler ---","timestamp":"2025-11-11T17:13:34.927Z"}
{"level":"error","message":"Name:","timestamp":"2025-11-11T17:13:34.928Z"}
{"level":"info","message":"invalid signature","name":"JsonWebTokenError","timestamp":"2025-11-11T17:13:34.930Z"}
{"level":"error","message":"Message:","timestamp":"2025-11-11T17:13:34.930Z"}
{"level":"error","message":"Stack:","timestamp":"2025-11-11T17:13:34.931Z"}
{"level":"error","message":"----------------------","timestamp":"2025-11-11T17:13:34.931Z"}
{"level":"info","message":[{"availableFoods":["sadfasdf","asdfsadf","asdfasdf"],"description":"sfg gsadf gsdfgsdfg ","discoveries":[],"duration":"1 day","id":"69118556f5e2c062368a9590","images":["https://res.cloudinary.com/djcbn6fkv/image/upload/v1762763343/Travel-Truck-Vendor-Document/llnwjaeynrhexj0uivdc.jpg"],"itinerary":[{"_id":"69118556f5e2c062368a9591","activities":["asdf","asdfsaf"],"day":1,"title":"sdf"},{"_id":"69118556f5e2c062368a9592","activities":["sadfadsf","asdfsdf"],"day":2,"title":"asdfsda"}],"price":234234,"title":"dasf"}],"timestamp":"2025-11-11T17:13:35.786Z"}
{"level":"error","message":"Failed to verify token: jwt expired","timestamp":"2025-11-11T17:13:35.829Z"}
{"level":"error","message":"Failed to verify token: jwt expired","timestamp":"2025-11-11T17:13:35.835Z"}
{"level":"info","message":[{"availableFoods":["sadfasdf","asdfsadf","asdfasdf"],"description":"sfg gsadf gsdfgsdfg ","discoveries":[],"duration":"1 day","id":"69118556f5e2c062368a9590","images":["https://res.cloudinary.com/djcbn6fkv/image/upload/v1762763343/Travel-Truck-Vendor-Document/llnwjaeynrhexj0uivdc.jpg"],"itinerary":[{"_id":"69118556f5e2c062368a9591","activities":["asdf","asdfsaf"],"day":1,"title":"sdf"},{"_id":"69118556f5e2c062368a9592","activities":["sadfadsf","asdfsdf"],"day":2,"title":"asdfsda"}],"price":234234,"title":"dasf"}],"timestamp":"2025-11-11T17:13:35.840Z"}
{"level":"info","message":"from refresh token req.body : {\"__stripe_mid\":\"ad6f3088-818a-48d5-a05e-3c69aaa10f5a86574e\",\"accessToken\":\"eyJhbGciOiJIUzI1NiIsInR5cCI6IkpXVCJ9.eyJpZCI6IjY4ZGExNjEwYzc0MDk4YjJhZWY3YzVmNiIsInJvbGUiOiJ1c2VyIiwiaWF0IjoxNzYyODc4NjYwLCJleHAiOjE3NjI4Nzk1NjB9.I8TjuUpTXyXy4ml_na2tp3I8fUdyUwOZBhjUoBwu9I4\",\"refreshToken\":\"eyJhbGciOiJIUzI1NiIsInR5cCI6IkpXVCJ9.eyJpZCI6IjY4ZGExNjEwYzc0MDk4YjJhZWY3YzVmNiIsInJvbGUiOiJ1c2VyIiwiaWF0IjoxNzYyODc4NjYwLCJleHAiOjE3NjM0ODM0NjB9.AHnjk00RQkC8SdaZPA5sRB9042yw1d_x9wohQSKA_zI\",\"__next_hmr_refresh_hash__\":\"791\"}","timestamp":"2025-11-11T17:13:35.844Z"}
{"level":"info","message":"userId:eyJhbGciOiJIUzI1NiIsInR5cCI6IkpXVCJ9.eyJpZCI6IjY4ZGExNjEwYzc0MDk4YjJhZWY3YzVmNiIsInJvbGUiOiJ1c2VyIiwiaWF0IjoxNzYyODc4NjYwLCJleHAiOjE3NjM0ODM0NjB9.AHnjk00RQkC8SdaZPA5sRB9042yw1d_x9wohQSKA_zI","timestamp":"2025-11-11T17:13:35.847Z"}
{"level":"error","message":"--- Error Handler ---","timestamp":"2025-11-11T17:13:35.851Z"}
{"level":"error","message":"Name:","timestamp":"2025-11-11T17:13:35.851Z"}
{"level":"info","message":"invalid signature","name":"JsonWebTokenError","timestamp":"2025-11-11T17:13:35.852Z"}
{"level":"error","message":"Message:","timestamp":"2025-11-11T17:13:35.852Z"}
{"level":"error","message":"Stack:","timestamp":"2025-11-11T17:13:35.853Z"}
{"level":"error","message":"----------------------","timestamp":"2025-11-11T17:13:35.853Z"}
{"level":"info","message":"from refresh token req.body : {\"__stripe_mid\":\"ad6f3088-818a-48d5-a05e-3c69aaa10f5a86574e\",\"accessToken\":\"eyJhbGciOiJIUzI1NiIsInR5cCI6IkpXVCJ9.eyJpZCI6IjY4ZGExNjEwYzc0MDk4YjJhZWY3YzVmNiIsInJvbGUiOiJ1c2VyIiwiaWF0IjoxNzYyODc4NjYwLCJleHAiOjE3NjI4Nzk1NjB9.I8TjuUpTXyXy4ml_na2tp3I8fUdyUwOZBhjUoBwu9I4\",\"refreshToken\":\"eyJhbGciOiJIUzI1NiIsInR5cCI6IkpXVCJ9.eyJpZCI6IjY4ZGExNjEwYzc0MDk4YjJhZWY3YzVmNiIsInJvbGUiOiJ1c2VyIiwiaWF0IjoxNzYyODc4NjYwLCJleHAiOjE3NjM0ODM0NjB9.AHnjk00RQkC8SdaZPA5sRB9042yw1d_x9wohQSKA_zI\",\"__next_hmr_refresh_hash__\":\"791\"}","timestamp":"2025-11-11T17:13:35.856Z"}
{"level":"info","message":"userId:eyJhbGciOiJIUzI1NiIsInR5cCI6IkpXVCJ9.eyJpZCI6IjY4ZGExNjEwYzc0MDk4YjJhZWY3YzVmNiIsInJvbGUiOiJ1c2VyIiwiaWF0IjoxNzYyODc4NjYwLCJleHAiOjE3NjM0ODM0NjB9.AHnjk00RQkC8SdaZPA5sRB9042yw1d_x9wohQSKA_zI","timestamp":"2025-11-11T17:13:35.857Z"}
{"level":"error","message":"--- Error Handler ---","timestamp":"2025-11-11T17:13:35.858Z"}
{"level":"error","message":"Name:","timestamp":"2025-11-11T17:13:35.859Z"}
{"level":"info","message":"invalid signature","name":"JsonWebTokenError","timestamp":"2025-11-11T17:13:35.859Z"}
{"level":"error","message":"Message:","timestamp":"2025-11-11T17:13:35.859Z"}
{"level":"error","message":"Stack:","timestamp":"2025-11-11T17:13:35.860Z"}
{"level":"error","message":"----------------------","timestamp":"2025-11-11T17:13:35.860Z"}
{"level":"info","message":[{"availableFoods":["sadfasdf","asdfsadf","asdfasdf"],"description":"sfg gsadf gsdfgsdfg ","discoveries":[],"duration":"1 day","id":"69118556f5e2c062368a9590","images":["https://res.cloudinary.com/djcbn6fkv/image/upload/v1762763343/Travel-Truck-Vendor-Document/llnwjaeynrhexj0uivdc.jpg"],"itinerary":[{"_id":"69118556f5e2c062368a9591","activities":["asdf","asdfsaf"],"day":1,"title":"sdf"},{"_id":"69118556f5e2c062368a9592","activities":["sadfadsf","asdfsdf"],"day":2,"title":"asdfsda"}],"price":234234,"title":"dasf"}],"timestamp":"2025-11-11T17:13:36.504Z"}
{"level":"error","message":"Failed to verify token: jwt expired","timestamp":"2025-11-11T17:13:36.537Z"}
{"level":"error","message":"Failed to verify token: jwt expired","timestamp":"2025-11-11T17:13:36.542Z"}
{"level":"info","message":[{"availableFoods":["sadfasdf","asdfsadf","asdfasdf"],"description":"sfg gsadf gsdfgsdfg ","discoveries":[],"duration":"1 day","id":"69118556f5e2c062368a9590","images":["https://res.cloudinary.com/djcbn6fkv/image/upload/v1762763343/Travel-Truck-Vendor-Document/llnwjaeynrhexj0uivdc.jpg"],"itinerary":[{"_id":"69118556f5e2c062368a9591","activities":["asdf","asdfsaf"],"day":1,"title":"sdf"},{"_id":"69118556f5e2c062368a9592","activities":["sadfadsf","asdfsdf"],"day":2,"title":"asdfsda"}],"price":234234,"title":"dasf"}],"timestamp":"2025-11-11T17:13:36.557Z"}
{"level":"info","message":"from refresh token req.body : {\"__stripe_mid\":\"ad6f3088-818a-48d5-a05e-3c69aaa10f5a86574e\",\"accessToken\":\"eyJhbGciOiJIUzI1NiIsInR5cCI6IkpXVCJ9.eyJpZCI6IjY4ZGExNjEwYzc0MDk4YjJhZWY3YzVmNiIsInJvbGUiOiJ1c2VyIiwiaWF0IjoxNzYyODc4NjYwLCJleHAiOjE3NjI4Nzk1NjB9.I8TjuUpTXyXy4ml_na2tp3I8fUdyUwOZBhjUoBwu9I4\",\"refreshToken\":\"eyJhbGciOiJIUzI1NiIsInR5cCI6IkpXVCJ9.eyJpZCI6IjY4ZGExNjEwYzc0MDk4YjJhZWY3YzVmNiIsInJvbGUiOiJ1c2VyIiwiaWF0IjoxNzYyODc4NjYwLCJleHAiOjE3NjM0ODM0NjB9.AHnjk00RQkC8SdaZPA5sRB9042yw1d_x9wohQSKA_zI\",\"__next_hmr_refresh_hash__\":\"791\"}","timestamp":"2025-11-11T17:13:36.559Z"}
{"level":"info","message":"userId:eyJhbGciOiJIUzI1NiIsInR5cCI6IkpXVCJ9.eyJpZCI6IjY4ZGExNjEwYzc0MDk4YjJhZWY3YzVmNiIsInJvbGUiOiJ1c2VyIiwiaWF0IjoxNzYyODc4NjYwLCJleHAiOjE3NjM0ODM0NjB9.AHnjk00RQkC8SdaZPA5sRB9042yw1d_x9wohQSKA_zI","timestamp":"2025-11-11T17:13:36.560Z"}
{"level":"error","message":"--- Error Handler ---","timestamp":"2025-11-11T17:13:36.564Z"}
{"level":"error","message":"Name:","timestamp":"2025-11-11T17:13:36.564Z"}
{"level":"info","message":"invalid signature","name":"JsonWebTokenError","timestamp":"2025-11-11T17:13:36.565Z"}
{"level":"error","message":"Message:","timestamp":"2025-11-11T17:13:36.566Z"}
{"level":"error","message":"Stack:","timestamp":"2025-11-11T17:13:36.566Z"}
{"level":"error","message":"----------------------","timestamp":"2025-11-11T17:13:36.566Z"}
{"level":"info","message":"from refresh token req.body : {\"__stripe_mid\":\"ad6f3088-818a-48d5-a05e-3c69aaa10f5a86574e\",\"accessToken\":\"eyJhbGciOiJIUzI1NiIsInR5cCI6IkpXVCJ9.eyJpZCI6IjY4ZGExNjEwYzc0MDk4YjJhZWY3YzVmNiIsInJvbGUiOiJ1c2VyIiwiaWF0IjoxNzYyODc4NjYwLCJleHAiOjE3NjI4Nzk1NjB9.I8TjuUpTXyXy4ml_na2tp3I8fUdyUwOZBhjUoBwu9I4\",\"refreshToken\":\"eyJhbGciOiJIUzI1NiIsInR5cCI6IkpXVCJ9.eyJpZCI6IjY4ZGExNjEwYzc0MDk4YjJhZWY3YzVmNiIsInJvbGUiOiJ1c2VyIiwiaWF0IjoxNzYyODc4NjYwLCJleHAiOjE3NjM0ODM0NjB9.AHnjk00RQkC8SdaZPA5sRB9042yw1d_x9wohQSKA_zI\",\"__next_hmr_refresh_hash__\":\"791\"}","timestamp":"2025-11-11T17:13:36.568Z"}
{"level":"info","message":"userId:eyJhbGciOiJIUzI1NiIsInR5cCI6IkpXVCJ9.eyJpZCI6IjY4ZGExNjEwYzc0MDk4YjJhZWY3YzVmNiIsInJvbGUiOiJ1c2VyIiwiaWF0IjoxNzYyODc4NjYwLCJleHAiOjE3NjM0ODM0NjB9.AHnjk00RQkC8SdaZPA5sRB9042yw1d_x9wohQSKA_zI","timestamp":"2025-11-11T17:13:36.569Z"}
{"level":"error","message":"--- Error Handler ---","timestamp":"2025-11-11T17:13:36.570Z"}
{"level":"error","message":"Name:","timestamp":"2025-11-11T17:13:36.571Z"}
{"level":"info","message":"invalid signature","name":"JsonWebTokenError","timestamp":"2025-11-11T17:13:36.571Z"}
{"level":"error","message":"Message:","timestamp":"2025-11-11T17:13:36.571Z"}
{"level":"error","message":"Stack:","timestamp":"2025-11-11T17:13:36.572Z"}
{"level":"error","message":"----------------------","timestamp":"2025-11-11T17:13:36.572Z"}
{"level":"info","message":[{"availableFoods":["sadfasdf","asdfsadf","asdfasdf"],"description":"sfg gsadf gsdfgsdfg ","discoveries":[],"duration":"1 day","id":"69118556f5e2c062368a9590","images":["https://res.cloudinary.com/djcbn6fkv/image/upload/v1762763343/Travel-Truck-Vendor-Document/llnwjaeynrhexj0uivdc.jpg"],"itinerary":[{"_id":"69118556f5e2c062368a9591","activities":["asdf","asdfsaf"],"day":1,"title":"sdf"},{"_id":"69118556f5e2c062368a9592","activities":["sadfadsf","asdfsdf"],"day":2,"title":"asdfsda"}],"price":234234,"title":"dasf"}],"timestamp":"2025-11-11T17:13:37.290Z"}
{"level":"error","message":"Failed to verify token: jwt expired","timestamp":"2025-11-11T17:13:37.320Z"}
{"level":"error","message":"Failed to verify token: jwt expired","timestamp":"2025-11-11T17:13:37.326Z"}
{"level":"info","message":"from refresh token req.body : {\"__stripe_mid\":\"ad6f3088-818a-48d5-a05e-3c69aaa10f5a86574e\",\"accessToken\":\"eyJhbGciOiJIUzI1NiIsInR5cCI6IkpXVCJ9.eyJpZCI6IjY4ZGExNjEwYzc0MDk4YjJhZWY3YzVmNiIsInJvbGUiOiJ1c2VyIiwiaWF0IjoxNzYyODc4NjYwLCJleHAiOjE3NjI4Nzk1NjB9.I8TjuUpTXyXy4ml_na2tp3I8fUdyUwOZBhjUoBwu9I4\",\"refreshToken\":\"eyJhbGciOiJIUzI1NiIsInR5cCI6IkpXVCJ9.eyJpZCI6IjY4ZGExNjEwYzc0MDk4YjJhZWY3YzVmNiIsInJvbGUiOiJ1c2VyIiwiaWF0IjoxNzYyODc4NjYwLCJleHAiOjE3NjM0ODM0NjB9.AHnjk00RQkC8SdaZPA5sRB9042yw1d_x9wohQSKA_zI\",\"__next_hmr_refresh_hash__\":\"791\"}","timestamp":"2025-11-11T17:13:37.334Z"}
{"level":"info","message":"userId:eyJhbGciOiJIUzI1NiIsInR5cCI6IkpXVCJ9.eyJpZCI6IjY4ZGExNjEwYzc0MDk4YjJhZWY3YzVmNiIsInJvbGUiOiJ1c2VyIiwiaWF0IjoxNzYyODc4NjYwLCJleHAiOjE3NjM0ODM0NjB9.AHnjk00RQkC8SdaZPA5sRB9042yw1d_x9wohQSKA_zI","timestamp":"2025-11-11T17:13:37.336Z"}
{"level":"error","message":"--- Error Handler ---","timestamp":"2025-11-11T17:13:37.342Z"}
{"level":"error","message":"Name:","timestamp":"2025-11-11T17:13:37.344Z"}
{"level":"info","message":"invalid signature","name":"JsonWebTokenError","timestamp":"2025-11-11T17:13:37.348Z"}
{"level":"error","message":"Message:","timestamp":"2025-11-11T17:13:37.352Z"}
{"level":"error","message":"Stack:","timestamp":"2025-11-11T17:13:37.355Z"}
{"level":"error","message":"----------------------","timestamp":"2025-11-11T17:13:37.356Z"}
{"level":"info","message":"from refresh token req.body : {\"__stripe_mid\":\"ad6f3088-818a-48d5-a05e-3c69aaa10f5a86574e\",\"accessToken\":\"eyJhbGciOiJIUzI1NiIsInR5cCI6IkpXVCJ9.eyJpZCI6IjY4ZGExNjEwYzc0MDk4YjJhZWY3YzVmNiIsInJvbGUiOiJ1c2VyIiwiaWF0IjoxNzYyODc4NjYwLCJleHAiOjE3NjI4Nzk1NjB9.I8TjuUpTXyXy4ml_na2tp3I8fUdyUwOZBhjUoBwu9I4\",\"refreshToken\":\"eyJhbGciOiJIUzI1NiIsInR5cCI6IkpXVCJ9.eyJpZCI6IjY4ZGExNjEwYzc0MDk4YjJhZWY3YzVmNiIsInJvbGUiOiJ1c2VyIiwiaWF0IjoxNzYyODc4NjYwLCJleHAiOjE3NjM0ODM0NjB9.AHnjk00RQkC8SdaZPA5sRB9042yw1d_x9wohQSKA_zI\",\"__next_hmr_refresh_hash__\":\"791\"}","timestamp":"2025-11-11T17:13:37.407Z"}
{"level":"info","message":"userId:eyJhbGciOiJIUzI1NiIsInR5cCI6IkpXVCJ9.eyJpZCI6IjY4ZGExNjEwYzc0MDk4YjJhZWY3YzVmNiIsInJvbGUiOiJ1c2VyIiwiaWF0IjoxNzYyODc4NjYwLCJleHAiOjE3NjM0ODM0NjB9.AHnjk00RQkC8SdaZPA5sRB9042yw1d_x9wohQSKA_zI","timestamp":"2025-11-11T17:13:37.418Z"}
{"level":"error","message":"--- Error Handler ---","timestamp":"2025-11-11T17:13:37.439Z"}
{"level":"error","message":"Name:","timestamp":"2025-11-11T17:13:37.448Z"}
{"level":"info","message":"invalid signature","name":"JsonWebTokenError","timestamp":"2025-11-11T17:13:37.453Z"}
{"level":"error","message":"Message:","timestamp":"2025-11-11T17:13:37.456Z"}
{"level":"error","message":"Stack:","timestamp":"2025-11-11T17:13:37.469Z"}
{"level":"error","message":"----------------------","timestamp":"2025-11-11T17:13:37.476Z"}
{"level":"info","message":[{"availableFoods":["sadfasdf","asdfsadf","asdfasdf"],"description":"sfg gsadf gsdfgsdfg ","discoveries":[],"duration":"1 day","id":"69118556f5e2c062368a9590","images":["https://res.cloudinary.com/djcbn6fkv/image/upload/v1762763343/Travel-Truck-Vendor-Document/llnwjaeynrhexj0uivdc.jpg"],"itinerary":[{"_id":"69118556f5e2c062368a9591","activities":["asdf","asdfsaf"],"day":1,"title":"sdf"},{"_id":"69118556f5e2c062368a9592","activities":["sadfadsf","asdfsdf"],"day":2,"title":"asdfsda"}],"price":234234,"title":"dasf"}],"timestamp":"2025-11-11T17:13:37.503Z"}
{"level":"info","message":[{"availableFoods":["sadfasdf","asdfsadf","asdfasdf"],"description":"sfg gsadf gsdfgsdfg ","discoveries":[],"duration":"1 day","id":"69118556f5e2c062368a9590","images":["https://res.cloudinary.com/djcbn6fkv/image/upload/v1762763343/Travel-Truck-Vendor-Document/llnwjaeynrhexj0uivdc.jpg"],"itinerary":[{"_id":"69118556f5e2c062368a9591","activities":["asdf","asdfsaf"],"day":1,"title":"sdf"},{"_id":"69118556f5e2c062368a9592","activities":["sadfadsf","asdfsdf"],"day":2,"title":"asdfsda"}],"price":234234,"title":"dasf"}],"timestamp":"2025-11-11T17:13:38.454Z"}
{"level":"error","message":"Failed to verify token: jwt expired","timestamp":"2025-11-11T17:13:38.476Z"}
{"level":"error","message":"Failed to verify token: jwt expired","timestamp":"2025-11-11T17:13:38.485Z"}
{"level":"info","message":"from refresh token req.body : {\"__stripe_mid\":\"ad6f3088-818a-48d5-a05e-3c69aaa10f5a86574e\",\"accessToken\":\"eyJhbGciOiJIUzI1NiIsInR5cCI6IkpXVCJ9.eyJpZCI6IjY4ZGExNjEwYzc0MDk4YjJhZWY3YzVmNiIsInJvbGUiOiJ1c2VyIiwiaWF0IjoxNzYyODc4NjYwLCJleHAiOjE3NjI4Nzk1NjB9.I8TjuUpTXyXy4ml_na2tp3I8fUdyUwOZBhjUoBwu9I4\",\"refreshToken\":\"eyJhbGciOiJIUzI1NiIsInR5cCI6IkpXVCJ9.eyJpZCI6IjY4ZGExNjEwYzc0MDk4YjJhZWY3YzVmNiIsInJvbGUiOiJ1c2VyIiwiaWF0IjoxNzYyODc4NjYwLCJleHAiOjE3NjM0ODM0NjB9.AHnjk00RQkC8SdaZPA5sRB9042yw1d_x9wohQSKA_zI\",\"__next_hmr_refresh_hash__\":\"791\"}","timestamp":"2025-11-11T17:13:38.488Z"}
{"level":"info","message":"userId:eyJhbGciOiJIUzI1NiIsInR5cCI6IkpXVCJ9.eyJpZCI6IjY4ZGExNjEwYzc0MDk4YjJhZWY3YzVmNiIsInJvbGUiOiJ1c2VyIiwiaWF0IjoxNzYyODc4NjYwLCJleHAiOjE3NjM0ODM0NjB9.AHnjk00RQkC8SdaZPA5sRB9042yw1d_x9wohQSKA_zI","timestamp":"2025-11-11T17:13:38.489Z"}
{"level":"error","message":"--- Error Handler ---","timestamp":"2025-11-11T17:13:38.492Z"}
{"level":"error","message":"Name:","timestamp":"2025-11-11T17:13:38.493Z"}
{"level":"info","message":"invalid signature","name":"JsonWebTokenError","timestamp":"2025-11-11T17:13:38.494Z"}
{"level":"error","message":"Message:","timestamp":"2025-11-11T17:13:38.494Z"}
{"level":"error","message":"Stack:","timestamp":"2025-11-11T17:13:38.498Z"}
{"level":"error","message":"----------------------","timestamp":"2025-11-11T17:13:38.500Z"}
{"level":"info","message":"from refresh token req.body : {\"__stripe_mid\":\"ad6f3088-818a-48d5-a05e-3c69aaa10f5a86574e\",\"accessToken\":\"eyJhbGciOiJIUzI1NiIsInR5cCI6IkpXVCJ9.eyJpZCI6IjY4ZGExNjEwYzc0MDk4YjJhZWY3YzVmNiIsInJvbGUiOiJ1c2VyIiwiaWF0IjoxNzYyODc4NjYwLCJleHAiOjE3NjI4Nzk1NjB9.I8TjuUpTXyXy4ml_na2tp3I8fUdyUwOZBhjUoBwu9I4\",\"refreshToken\":\"eyJhbGciOiJIUzI1NiIsInR5cCI6IkpXVCJ9.eyJpZCI6IjY4ZGExNjEwYzc0MDk4YjJhZWY3YzVmNiIsInJvbGUiOiJ1c2VyIiwiaWF0IjoxNzYyODc4NjYwLCJleHAiOjE3NjM0ODM0NjB9.AHnjk00RQkC8SdaZPA5sRB9042yw1d_x9wohQSKA_zI\",\"__next_hmr_refresh_hash__\":\"791\"}","timestamp":"2025-11-11T17:13:38.505Z"}
{"level":"info","message":"userId:eyJhbGciOiJIUzI1NiIsInR5cCI6IkpXVCJ9.eyJpZCI6IjY4ZGExNjEwYzc0MDk4YjJhZWY3YzVmNiIsInJvbGUiOiJ1c2VyIiwiaWF0IjoxNzYyODc4NjYwLCJleHAiOjE3NjM0ODM0NjB9.AHnjk00RQkC8SdaZPA5sRB9042yw1d_x9wohQSKA_zI","timestamp":"2025-11-11T17:13:38.507Z"}
{"level":"error","message":"--- Error Handler ---","timestamp":"2025-11-11T17:13:38.516Z"}
{"level":"error","message":"Name:","timestamp":"2025-11-11T17:13:38.520Z"}
{"level":"info","message":"invalid signature","name":"JsonWebTokenError","timestamp":"2025-11-11T17:13:38.520Z"}
{"level":"error","message":"Message:","timestamp":"2025-11-11T17:13:38.521Z"}
{"level":"error","message":"Stack:","timestamp":"2025-11-11T17:13:38.524Z"}
{"level":"error","message":"----------------------","timestamp":"2025-11-11T17:13:38.524Z"}
{"level":"info","message":[{"availableFoods":["sadfasdf","asdfsadf","asdfasdf"],"description":"sfg gsadf gsdfgsdfg ","discoveries":[],"duration":"1 day","id":"69118556f5e2c062368a9590","images":["https://res.cloudinary.com/djcbn6fkv/image/upload/v1762763343/Travel-Truck-Vendor-Document/llnwjaeynrhexj0uivdc.jpg"],"itinerary":[{"_id":"69118556f5e2c062368a9591","activities":["asdf","asdfsaf"],"day":1,"title":"sdf"},{"_id":"69118556f5e2c062368a9592","activities":["sadfadsf","asdfsdf"],"day":2,"title":"asdfsda"}],"price":234234,"title":"dasf"}],"timestamp":"2025-11-11T17:13:38.541Z"}
{"__next_hmr_refresh_hash__":"791","__stripe_mid":"ad6f3088-818a-48d5-a05e-3c69aaa10f5a86574e","accessToken":"eyJhbGciOiJIUzI1NiIsInR5cCI6IkpXVCJ9.eyJpZCI6IjY4ZGExNjEwYzc0MDk4YjJhZWY3YzVmNiIsInJvbGUiOiJ1c2VyIiwiaWF0IjoxNzYyODc4NjYwLCJleHAiOjE3NjI4Nzk1NjB9.I8TjuUpTXyXy4ml_na2tp3I8fUdyUwOZBhjUoBwu9I4","level":"info","message":"req.cookies","refreshToken":"eyJhbGciOiJIUzI1NiIsInR5cCI6IkpXVCJ9.eyJpZCI6IjY4ZGExNjEwYzc0MDk4YjJhZWY3YzVmNiIsInJvbGUiOiJ1c2VyIiwiaWF0IjoxNzYyODc4NjYwLCJleHAiOjE3NjM0ODM0NjB9.AHnjk00RQkC8SdaZPA5sRB9042yw1d_x9wohQSKA_zI","timestamp":"2025-11-11T17:14:05.014Z"}
{"level":"info","message":"got it here https://lh3.googleusercontent.com/a/ACg8ocK-sF0rPsR0khZUavXFq1O5r0BNWgjV1isa7nPOAuOY4UM_CunS=s96-c","timestamp":"2025-11-11T17:14:21.666Z"}
{"level":"info","message":"accessToken from JWT->generateToken : eyJhbGciOiJIUzI1NiIsInR5cCI6IkpXVCJ9.eyJpZCI6IjY4ZGExNjEwYzc0MDk4YjJhZWY3YzVmNiIsInJvbGUiOiJ1c2VyIiwiaWF0IjoxNzYyODgxMjYxLCJleHAiOjE3NjI4ODIxNjF9.Vj-nTZouWP4axzMSyd4_x8Wz9My0j9FNX-IwYxO7ATM","timestamp":"2025-11-11T17:14:21.737Z"}
{"level":"info","message":[{"availableFoods":["sadfasdf","asdfsadf","asdfasdf"],"description":"sfg gsadf gsdfgsdfg ","discoveries":[],"duration":"1 day","id":"69118556f5e2c062368a9590","images":["https://res.cloudinary.com/djcbn6fkv/image/upload/v1762763343/Travel-Truck-Vendor-Document/llnwjaeynrhexj0uivdc.jpg"],"itinerary":[{"_id":"69118556f5e2c062368a9591","activities":["asdf","asdfsaf"],"day":1,"title":"sdf"},{"_id":"69118556f5e2c062368a9592","activities":["sadfadsf","asdfsdf"],"day":2,"title":"asdfsda"}],"price":234234,"title":"dasf"}],"timestamp":"2025-11-11T17:14:22.937Z"}
{"level":"info","message":[{"availableFoods":["sadfasdf","asdfsadf","asdfasdf"],"description":"sfg gsadf gsdfgsdfg ","discoveries":[],"duration":"1 day","id":"69118556f5e2c062368a9590","images":["https://res.cloudinary.com/djcbn6fkv/image/upload/v1762763343/Travel-Truck-Vendor-Document/llnwjaeynrhexj0uivdc.jpg"],"itinerary":[{"_id":"69118556f5e2c062368a9591","activities":["asdf","asdfsaf"],"day":1,"title":"sdf"},{"_id":"69118556f5e2c062368a9592","activities":["sadfadsf","asdfsdf"],"day":2,"title":"asdfsda"}],"price":234234,"title":"dasf"}],"timestamp":"2025-11-11T17:14:23.006Z"}
{"level":"info","message":"data that got {\n  _id: new ObjectId('68da1610c74098b2aef7c5f6'),\n  name: 'Sanju',\n  phoneNumber: 8547549650,\n  email: 'pnsanju8@gmail.com',\n  interest: [],\n  googleId: '105470324180660406891',\n  profilePicture: 'https://res.cloudinary.com/djcbn6fkv/image/upload/v1761227914/Travel-Truck-Document/fm0iuuifspcmum079rgc.jpg',\n  createdOn: 2025-09-29T05:15:51.086Z,\n  role: 'user',\n  isBlocked: false,\n  __v: 0,\n  userName: 'SAJ'\n}","timestamp":"2025-11-11T17:14:23.487Z"}
{"level":"info","message":"User profile retrieved for ID {\"_id\":\"68da1610c74098b2aef7c5f6\",\"name\":\"Sanju\",\"phoneNumber\":8547549650,\"email\":\"pnsanju8@gmail.com\",\"interest\":[],\"googleId\":\"105470324180660406891\",\"profilePicture\":\"https://res.cloudinary.com/djcbn6fkv/image/upload/v1761227914/Travel-Truck-Document/fm0iuuifspcmum079rgc.jpg\",\"createdOn\":\"2025-09-29T05:15:51.086Z\",\"role\":\"user\",\"isBlocked\":false,\"__v\":0,\"userName\":\"SAJ\"}","timestamp":"2025-11-11T17:14:23.498Z"}
{"level":"info","message":"data that got {\n  _id: new ObjectId('68da1610c74098b2aef7c5f6'),\n  name: 'Sanju',\n  phoneNumber: 8547549650,\n  email: 'pnsanju8@gmail.com',\n  interest: [],\n  googleId: '105470324180660406891',\n  profilePicture: 'https://res.cloudinary.com/djcbn6fkv/image/upload/v1761227914/Travel-Truck-Document/fm0iuuifspcmum079rgc.jpg',\n  createdOn: 2025-09-29T05:15:51.086Z,\n  role: 'user',\n  isBlocked: false,\n  __v: 0,\n  userName: 'SAJ'\n}","timestamp":"2025-11-11T17:14:23.612Z"}
{"level":"info","message":"User profile retrieved for ID {\"_id\":\"68da1610c74098b2aef7c5f6\",\"name\":\"Sanju\",\"phoneNumber\":8547549650,\"email\":\"pnsanju8@gmail.com\",\"interest\":[],\"googleId\":\"105470324180660406891\",\"profilePicture\":\"https://res.cloudinary.com/djcbn6fkv/image/upload/v1761227914/Travel-Truck-Document/fm0iuuifspcmum079rgc.jpg\",\"createdOn\":\"2025-09-29T05:15:51.086Z\",\"role\":\"user\",\"isBlocked\":false,\"__v\":0,\"userName\":\"SAJ\"}","timestamp":"2025-11-11T17:14:23.615Z"}
{"level":"info","message":"data that got {\n  _id: new ObjectId('68da1610c74098b2aef7c5f6'),\n  name: 'Sanju',\n  phoneNumber: 8547549650,\n  email: 'pnsanju8@gmail.com',\n  interest: [],\n  googleId: '105470324180660406891',\n  profilePicture: 'https://res.cloudinary.com/djcbn6fkv/image/upload/v1761227914/Travel-Truck-Document/fm0iuuifspcmum079rgc.jpg',\n  createdOn: 2025-09-29T05:15:51.086Z,\n  role: 'user',\n  isBlocked: false,\n  __v: 0,\n  userName: 'SAJ'\n}","timestamp":"2025-11-11T17:14:27.205Z"}
{"level":"info","message":"User profile retrieved for ID {\"_id\":\"68da1610c74098b2aef7c5f6\",\"name\":\"Sanju\",\"phoneNumber\":8547549650,\"email\":\"pnsanju8@gmail.com\",\"interest\":[],\"googleId\":\"105470324180660406891\",\"profilePicture\":\"https://res.cloudinary.com/djcbn6fkv/image/upload/v1761227914/Travel-Truck-Document/fm0iuuifspcmum079rgc.jpg\",\"createdOn\":\"2025-09-29T05:15:51.086Z\",\"role\":\"user\",\"isBlocked\":false,\"__v\":0,\"userName\":\"SAJ\"}","timestamp":"2025-11-11T17:14:27.207Z"}
{"level":"info","message":"data that got {\n  _id: new ObjectId('68da1610c74098b2aef7c5f6'),\n  name: 'Sanju',\n  phoneNumber: 8547549650,\n  email: 'pnsanju8@gmail.com',\n  interest: [],\n  googleId: '105470324180660406891',\n  profilePicture: 'https://res.cloudinary.com/djcbn6fkv/image/upload/v1761227914/Travel-Truck-Document/fm0iuuifspcmum079rgc.jpg',\n  createdOn: 2025-09-29T05:15:51.086Z,\n  role: 'user',\n  isBlocked: false,\n  __v: 0,\n  userName: 'SAJ'\n}","timestamp":"2025-11-11T17:14:27.341Z"}
{"level":"info","message":"User profile retrieved for ID {\"_id\":\"68da1610c74098b2aef7c5f6\",\"name\":\"Sanju\",\"phoneNumber\":8547549650,\"email\":\"pnsanju8@gmail.com\",\"interest\":[],\"googleId\":\"105470324180660406891\",\"profilePicture\":\"https://res.cloudinary.com/djcbn6fkv/image/upload/v1761227914/Travel-Truck-Document/fm0iuuifspcmum079rgc.jpg\",\"createdOn\":\"2025-09-29T05:15:51.086Z\",\"role\":\"user\",\"isBlocked\":false,\"__v\":0,\"userName\":\"SAJ\"}","timestamp":"2025-11-11T17:14:27.342Z"}
{"__next_hmr_refresh_hash__":"791","__stripe_mid":"ad6f3088-818a-48d5-a05e-3c69aaa10f5a86574e","accessToken":"eyJhbGciOiJIUzI1NiIsInR5cCI6IkpXVCJ9.eyJpZCI6IjY4ZGExNjEwYzc0MDk4YjJhZWY3YzVmNiIsInJvbGUiOiJ1c2VyIiwiaWF0IjoxNzYyODgxMjYxLCJleHAiOjE3NjI4ODIxNjF9.Vj-nTZouWP4axzMSyd4_x8Wz9My0j9FNX-IwYxO7ATM","level":"info","message":"req.cookies","refreshToken":"eyJhbGciOiJIUzI1NiIsInR5cCI6IkpXVCJ9.eyJpZCI6IjY4ZGExNjEwYzc0MDk4YjJhZWY3YzVmNiIsInJvbGUiOiJ1c2VyIiwiaWF0IjoxNzYyODgxMjYxLCJleHAiOjE3NjM0ODYwNjF9.XWKH31hvK8sWyPVhijSZOnRrzntTCZ7lxKxIJPXonLw","timestamp":"2025-11-11T17:15:37.487Z"}
{"level":"info","message":"got it here https://lh3.googleusercontent.com/a/ACg8ocK-sF0rPsR0khZUavXFq1O5r0BNWgjV1isa7nPOAuOY4UM_CunS=s96-c","timestamp":"2025-11-11T17:15:51.715Z"}
{"level":"info","message":"accessToken from JWT->generateToken : eyJhbGciOiJIUzI1NiIsInR5cCI6IkpXVCJ9.eyJpZCI6IjY4ZGExNjEwYzc0MDk4YjJhZWY3YzVmNiIsInJvbGUiOiJ1c2VyIiwiaWF0IjoxNzYyODgxMzUxLCJleHAiOjE3NjI4ODIyNTF9.2-QzK_55-0T6ZjXF7H7wzf76JAP9AIkdyfAVFSk79Xg","timestamp":"2025-11-11T17:15:51.792Z"}
{"level":"info","message":[{"availableFoods":["sadfasdf","asdfsadf","asdfasdf"],"description":"sfg gsadf gsdfgsdfg ","discoveries":[],"duration":"1 day","id":"69118556f5e2c062368a9590","images":["https://res.cloudinary.com/djcbn6fkv/image/upload/v1762763343/Travel-Truck-Vendor-Document/llnwjaeynrhexj0uivdc.jpg"],"itinerary":[{"_id":"69118556f5e2c062368a9591","activities":["asdf","asdfsaf"],"day":1,"title":"sdf"},{"_id":"69118556f5e2c062368a9592","activities":["sadfadsf","asdfsdf"],"day":2,"title":"asdfsda"}],"price":234234,"title":"dasf"}],"timestamp":"2025-11-11T17:15:53.835Z"}
{"level":"info","message":[{"availableFoods":["sadfasdf","asdfsadf","asdfasdf"],"description":"sfg gsadf gsdfgsdfg ","discoveries":[],"duration":"1 day","id":"69118556f5e2c062368a9590","images":["https://res.cloudinary.com/djcbn6fkv/image/upload/v1762763343/Travel-Truck-Vendor-Document/llnwjaeynrhexj0uivdc.jpg"],"itinerary":[{"_id":"69118556f5e2c062368a9591","activities":["asdf","asdfsaf"],"day":1,"title":"sdf"},{"_id":"69118556f5e2c062368a9592","activities":["sadfadsf","asdfsdf"],"day":2,"title":"asdfsda"}],"price":234234,"title":"dasf"}],"timestamp":"2025-11-11T17:15:53.906Z"}
{"level":"info","message":"data that got {\n  _id: new ObjectId('68da1610c74098b2aef7c5f6'),\n  name: 'Sanju',\n  phoneNumber: 8547549650,\n  email: 'pnsanju8@gmail.com',\n  interest: [],\n  googleId: '105470324180660406891',\n  profilePicture: 'https://res.cloudinary.com/djcbn6fkv/image/upload/v1761227914/Travel-Truck-Document/fm0iuuifspcmum079rgc.jpg',\n  createdOn: 2025-09-29T05:15:51.086Z,\n  role: 'user',\n  isBlocked: false,\n  __v: 0,\n  userName: 'SAJ'\n}","timestamp":"2025-11-11T17:15:54.044Z"}
{"level":"info","message":"User profile retrieved for ID {\"_id\":\"68da1610c74098b2aef7c5f6\",\"name\":\"Sanju\",\"phoneNumber\":8547549650,\"email\":\"pnsanju8@gmail.com\",\"interest\":[],\"googleId\":\"105470324180660406891\",\"profilePicture\":\"https://res.cloudinary.com/djcbn6fkv/image/upload/v1761227914/Travel-Truck-Document/fm0iuuifspcmum079rgc.jpg\",\"createdOn\":\"2025-09-29T05:15:51.086Z\",\"role\":\"user\",\"isBlocked\":false,\"__v\":0,\"userName\":\"SAJ\"}","timestamp":"2025-11-11T17:15:54.046Z"}
{"level":"info","message":"data that got {\n  _id: new ObjectId('68da1610c74098b2aef7c5f6'),\n  name: 'Sanju',\n  phoneNumber: 8547549650,\n  email: 'pnsanju8@gmail.com',\n  interest: [],\n  googleId: '105470324180660406891',\n  profilePicture: 'https://res.cloudinary.com/djcbn6fkv/image/upload/v1761227914/Travel-Truck-Document/fm0iuuifspcmum079rgc.jpg',\n  createdOn: 2025-09-29T05:15:51.086Z,\n  role: 'user',\n  isBlocked: false,\n  __v: 0,\n  userName: 'SAJ'\n}","timestamp":"2025-11-11T17:15:54.165Z"}
{"level":"info","message":"User profile retrieved for ID {\"_id\":\"68da1610c74098b2aef7c5f6\",\"name\":\"Sanju\",\"phoneNumber\":8547549650,\"email\":\"pnsanju8@gmail.com\",\"interest\":[],\"googleId\":\"105470324180660406891\",\"profilePicture\":\"https://res.cloudinary.com/djcbn6fkv/image/upload/v1761227914/Travel-Truck-Document/fm0iuuifspcmum079rgc.jpg\",\"createdOn\":\"2025-09-29T05:15:51.086Z\",\"role\":\"user\",\"isBlocked\":false,\"__v\":0,\"userName\":\"SAJ\"}","timestamp":"2025-11-11T17:15:54.168Z"}
{"level":"info","message":"data that got {\n  _id: new ObjectId('68da1610c74098b2aef7c5f6'),\n  name: 'Sanju',\n  phoneNumber: 8547549650,\n  email: 'pnsanju8@gmail.com',\n  interest: [],\n  googleId: '105470324180660406891',\n  profilePicture: 'https://res.cloudinary.com/djcbn6fkv/image/upload/v1761227914/Travel-Truck-Document/fm0iuuifspcmum079rgc.jpg',\n  createdOn: 2025-09-29T05:15:51.086Z,\n  role: 'user',\n  isBlocked: false,\n  __v: 0,\n  userName: 'SAJ'\n}","timestamp":"2025-11-11T17:18:12.977Z"}
{"level":"info","message":"User profile retrieved for ID {\"_id\":\"68da1610c74098b2aef7c5f6\",\"name\":\"Sanju\",\"phoneNumber\":8547549650,\"email\":\"pnsanju8@gmail.com\",\"interest\":[],\"googleId\":\"105470324180660406891\",\"profilePicture\":\"https://res.cloudinary.com/djcbn6fkv/image/upload/v1761227914/Travel-Truck-Document/fm0iuuifspcmum079rgc.jpg\",\"createdOn\":\"2025-09-29T05:15:51.086Z\",\"role\":\"user\",\"isBlocked\":false,\"__v\":0,\"userName\":\"SAJ\"}","timestamp":"2025-11-11T17:18:12.981Z"}
{"level":"info","message":"data that got {\n  _id: new ObjectId('68da1610c74098b2aef7c5f6'),\n  name: 'Sanju',\n  phoneNumber: 8547549650,\n  email: 'pnsanju8@gmail.com',\n  interest: [],\n  googleId: '105470324180660406891',\n  profilePicture: 'https://res.cloudinary.com/djcbn6fkv/image/upload/v1761227914/Travel-Truck-Document/fm0iuuifspcmum079rgc.jpg',\n  createdOn: 2025-09-29T05:15:51.086Z,\n  role: 'user',\n  isBlocked: false,\n  __v: 0,\n  userName: 'SAJ'\n}","timestamp":"2025-11-11T17:18:13.101Z"}
{"level":"info","message":"User profile retrieved for ID {\"_id\":\"68da1610c74098b2aef7c5f6\",\"name\":\"Sanju\",\"phoneNumber\":8547549650,\"email\":\"pnsanju8@gmail.com\",\"interest\":[],\"googleId\":\"105470324180660406891\",\"profilePicture\":\"https://res.cloudinary.com/djcbn6fkv/image/upload/v1761227914/Travel-Truck-Document/fm0iuuifspcmum079rgc.jpg\",\"createdOn\":\"2025-09-29T05:15:51.086Z\",\"role\":\"user\",\"isBlocked\":false,\"__v\":0,\"userName\":\"SAJ\"}","timestamp":"2025-11-11T17:18:13.102Z"}
{"level":"info","message":"data that got {\n  _id: new ObjectId('68da1610c74098b2aef7c5f6'),\n  name: 'Sanju',\n  phoneNumber: 8547549650,\n  email: 'pnsanju8@gmail.com',\n  interest: [],\n  googleId: '105470324180660406891',\n  profilePicture: 'https://res.cloudinary.com/djcbn6fkv/image/upload/v1761227914/Travel-Truck-Document/fm0iuuifspcmum079rgc.jpg',\n  createdOn: 2025-09-29T05:15:51.086Z,\n  role: 'user',\n  isBlocked: false,\n  __v: 0,\n  userName: 'SAJ'\n}","timestamp":"2025-11-11T17:18:17.634Z"}
{"level":"info","message":"User profile retrieved for ID {\"_id\":\"68da1610c74098b2aef7c5f6\",\"name\":\"Sanju\",\"phoneNumber\":8547549650,\"email\":\"pnsanju8@gmail.com\",\"interest\":[],\"googleId\":\"105470324180660406891\",\"profilePicture\":\"https://res.cloudinary.com/djcbn6fkv/image/upload/v1761227914/Travel-Truck-Document/fm0iuuifspcmum079rgc.jpg\",\"createdOn\":\"2025-09-29T05:15:51.086Z\",\"role\":\"user\",\"isBlocked\":false,\"__v\":0,\"userName\":\"SAJ\"}","timestamp":"2025-11-11T17:18:17.637Z"}
{"level":"info","message":"data that got {\n  _id: new ObjectId('68da1610c74098b2aef7c5f6'),\n  name: 'Sanju',\n  phoneNumber: 8547549650,\n  email: 'pnsanju8@gmail.com',\n  interest: [],\n  googleId: '105470324180660406891',\n  profilePicture: 'https://res.cloudinary.com/djcbn6fkv/image/upload/v1761227914/Travel-Truck-Document/fm0iuuifspcmum079rgc.jpg',\n  createdOn: 2025-09-29T05:15:51.086Z,\n  role: 'user',\n  isBlocked: false,\n  __v: 0,\n  userName: 'SAJ'\n}","timestamp":"2025-11-11T17:18:17.752Z"}
{"level":"info","message":"User profile retrieved for ID {\"_id\":\"68da1610c74098b2aef7c5f6\",\"name\":\"Sanju\",\"phoneNumber\":8547549650,\"email\":\"pnsanju8@gmail.com\",\"interest\":[],\"googleId\":\"105470324180660406891\",\"profilePicture\":\"https://res.cloudinary.com/djcbn6fkv/image/upload/v1761227914/Travel-Truck-Document/fm0iuuifspcmum079rgc.jpg\",\"createdOn\":\"2025-09-29T05:15:51.086Z\",\"role\":\"user\",\"isBlocked\":false,\"__v\":0,\"userName\":\"SAJ\"}","timestamp":"2025-11-11T17:18:17.756Z"}
{"level":"error","message":"Failed to verify token: jwt expired","timestamp":"2025-11-11T17:31:25.903Z"}
{"level":"error","message":"Failed to verify token: jwt expired","timestamp":"2025-11-11T17:31:25.995Z"}
{"level":"info","message":"from refresh token req.body : {\"accessToken\":\"eyJhbGciOiJIUzI1NiIsInR5cCI6IkpXVCJ9.eyJpZCI6IjY4Y2ZlMjJhZjhkOWJjNDc5ZWQ2NDI1MCIsInJvbGUiOiJhZG1pbiIsImlhdCI6MTc2Mjg1NzIzMCwiZXhwIjoxNzYyODU4MTMwfQ.Q6-7pUK8Qp2SAMLvkNqJIfEn6CJnCJhOC891L3YQo2E\",\"refreshToken\":\"eyJhbGciOiJIUzI1NiIsInR5cCI6IkpXVCJ9.eyJpZCI6IjY4Y2ZlMjJhZjhkOWJjNDc5ZWQ2NDI1MCIsInJvbGUiOiJhZG1pbiIsImlhdCI6MTc2Mjg1NzIzMCwiZXhwIjoxNzYzNDYyMDMwfQ.DBn4sGruFkG7IUEwllTikFt5cuMEfsqa3RgPfNafadM\",\"__next_hmr_refresh_hash__\":\"1346\"}","timestamp":"2025-11-11T17:31:26.065Z"}
{"level":"info","message":"userId:eyJhbGciOiJIUzI1NiIsInR5cCI6IkpXVCJ9.eyJpZCI6IjY4Y2ZlMjJhZjhkOWJjNDc5ZWQ2NDI1MCIsInJvbGUiOiJhZG1pbiIsImlhdCI6MTc2Mjg1NzIzMCwiZXhwIjoxNzYzNDYyMDMwfQ.DBn4sGruFkG7IUEwllTikFt5cuMEfsqa3RgPfNafadM","timestamp":"2025-11-11T17:31:26.127Z"}
{"level":"info","message":"decoded :[object Object]","timestamp":"2025-11-11T17:31:26.134Z"}
{"level":"info","message":"accessToken from JWT->generateToken : eyJhbGciOiJIUzI1NiIsInR5cCI6IkpXVCJ9.eyJpZCI6IjY4Y2ZlMjJhZjhkOWJjNDc5ZWQ2NDI1MCIsInJvbGUiOiJhZG1pbiIsImlhdCI6MTc2Mjg4MjI4NiwiZXhwIjoxNzYyODgzMTg2fQ.lDGqQMF_FZrfFW8qpRqppuKiABPYjafCWdHO5MHwpZY","timestamp":"2025-11-11T17:31:26.174Z"}
{"level":"info","message":"User accessToken successfully recreated","timestamp":"2025-11-11T17:31:26.182Z"}
{"level":"info","message":"from refresh token req.body : {\"__next_hmr_refresh_hash__\":\"1346\",\"accessToken\":\"eyJhbGciOiJIUzI1NiIsInR5cCI6IkpXVCJ9.eyJpZCI6IjY4Y2ZlMjJhZjhkOWJjNDc5ZWQ2NDI1MCIsInJvbGUiOiJhZG1pbiIsImlhdCI6MTc2Mjg4MjI4NiwiZXhwIjoxNzYyODgzMTg2fQ.lDGqQMF_FZrfFW8qpRqppuKiABPYjafCWdHO5MHwpZY\",\"refreshToken\":\"eyJhbGciOiJIUzI1NiIsInR5cCI6IkpXVCJ9.eyJpZCI6IjY4Y2ZlMjJhZjhkOWJjNDc5ZWQ2NDI1MCIsInJvbGUiOiJhZG1pbiIsImlhdCI6MTc2Mjg4MjI4NiwiZXhwIjoxNzYzNDg3MDg2fQ.-yRS2FMFaIJshVoST4sUc4BcmL--IqL1ixnGB5btTx8\"}","timestamp":"2025-11-11T17:31:26.204Z"}
{"level":"info","message":"userId:eyJhbGciOiJIUzI1NiIsInR5cCI6IkpXVCJ9.eyJpZCI6IjY4Y2ZlMjJhZjhkOWJjNDc5ZWQ2NDI1MCIsInJvbGUiOiJhZG1pbiIsImlhdCI6MTc2Mjg4MjI4NiwiZXhwIjoxNzYzNDg3MDg2fQ.-yRS2FMFaIJshVoST4sUc4BcmL--IqL1ixnGB5btTx8","timestamp":"2025-11-11T17:31:26.209Z"}
{"level":"error","message":"--- Error Handler ---","timestamp":"2025-11-11T17:31:26.217Z"}
{"level":"error","message":"Name:","timestamp":"2025-11-11T17:31:26.220Z"}
{"level":"info","message":"invalid signature","name":"JsonWebTokenError","timestamp":"2025-11-11T17:31:26.221Z"}
{"level":"error","message":"Message:","timestamp":"2025-11-11T17:31:26.229Z"}
{"level":"error","message":"Stack:","timestamp":"2025-11-11T17:31:26.244Z"}
{"level":"error","message":"----------------------","timestamp":"2025-11-11T17:31:26.246Z"}
{"level":"info","message":[{"availableFoods":["sadfasdf","asdfsadf","asdfasdf"],"description":"sfg gsadf gsdfgsdfg ","discoveries":[],"duration":"1 day","id":"69118556f5e2c062368a9590","images":["https://res.cloudinary.com/djcbn6fkv/image/upload/v1762763343/Travel-Truck-Vendor-Document/llnwjaeynrhexj0uivdc.jpg"],"itinerary":[{"_id":"69118556f5e2c062368a9591","activities":["asdf","asdfsaf"],"day":1,"title":"sdf"},{"_id":"69118556f5e2c062368a9592","activities":["sadfadsf","asdfsdf"],"day":2,"title":"asdfsda"}],"price":234234,"title":"dasf"}],"timestamp":"2025-11-11T17:31:27.751Z"}
{"level":"info","message":[{"availableFoods":["sadfasdf","asdfsadf","asdfasdf"],"description":"sfg gsadf gsdfgsdfg ","discoveries":[],"duration":"1 day","id":"69118556f5e2c062368a9590","images":["https://res.cloudinary.com/djcbn6fkv/image/upload/v1762763343/Travel-Truck-Vendor-Document/llnwjaeynrhexj0uivdc.jpg"],"itinerary":[{"_id":"69118556f5e2c062368a9591","activities":["asdf","asdfsaf"],"day":1,"title":"sdf"},{"_id":"69118556f5e2c062368a9592","activities":["sadfadsf","asdfsdf"],"day":2,"title":"asdfsda"}],"price":234234,"title":"dasf"}],"timestamp":"2025-11-11T17:31:27.828Z"}
{"level":"info","message":[{"availableFoods":["sadfasdf","asdfsadf","asdfasdf"],"description":"sfg gsadf gsdfgsdfg ","discoveries":[],"duration":"1 day","id":"69118556f5e2c062368a9590","images":["https://res.cloudinary.com/djcbn6fkv/image/upload/v1762763343/Travel-Truck-Vendor-Document/llnwjaeynrhexj0uivdc.jpg"],"itinerary":[{"_id":"69118556f5e2c062368a9591","activities":["asdf","asdfsaf"],"day":1,"title":"sdf"},{"_id":"69118556f5e2c062368a9592","activities":["sadfadsf","asdfsdf"],"day":2,"title":"asdfsda"}],"price":234234,"title":"dasf"}],"timestamp":"2025-11-11T17:31:32.376Z"}
{"level":"info","message":[{"availableFoods":["sadfasdf","asdfsadf","asdfasdf"],"description":"sfg gsadf gsdfgsdfg ","discoveries":[],"duration":"1 day","id":"69118556f5e2c062368a9590","images":["https://res.cloudinary.com/djcbn6fkv/image/upload/v1762763343/Travel-Truck-Vendor-Document/llnwjaeynrhexj0uivdc.jpg"],"itinerary":[{"_id":"69118556f5e2c062368a9591","activities":["asdf","asdfsaf"],"day":1,"title":"sdf"},{"_id":"69118556f5e2c062368a9592","activities":["sadfadsf","asdfsdf"],"day":2,"title":"asdfsda"}],"price":234234,"title":"dasf"}],"timestamp":"2025-11-11T17:31:32.465Z"}
{"level":"info","message":[{"availableFoods":["sadfasdf","asdfsadf","asdfasdf"],"description":"sfg gsadf gsdfgsdfg ","discoveries":[],"duration":"1 day","id":"69118556f5e2c062368a9590","images":["https://res.cloudinary.com/djcbn6fkv/image/upload/v1762763343/Travel-Truck-Vendor-Document/llnwjaeynrhexj0uivdc.jpg"],"itinerary":[{"_id":"69118556f5e2c062368a9591","activities":["asdf","asdfsaf"],"day":1,"title":"sdf"},{"_id":"69118556f5e2c062368a9592","activities":["sadfadsf","asdfsdf"],"day":2,"title":"asdfsda"}],"price":234234,"title":"dasf"}],"timestamp":"2025-11-11T17:31:35.859Z"}
{"level":"info","message":[{"availableFoods":["sadfasdf","asdfsadf","asdfasdf"],"description":"sfg gsadf gsdfgsdfg ","discoveries":[],"duration":"1 day","id":"69118556f5e2c062368a9590","images":["https://res.cloudinary.com/djcbn6fkv/image/upload/v1762763343/Travel-Truck-Vendor-Document/llnwjaeynrhexj0uivdc.jpg"],"itinerary":[{"_id":"69118556f5e2c062368a9591","activities":["asdf","asdfsaf"],"day":1,"title":"sdf"},{"_id":"69118556f5e2c062368a9592","activities":["sadfadsf","asdfsdf"],"day":2,"title":"asdfsda"}],"price":234234,"title":"dasf"}],"timestamp":"2025-11-11T17:31:35.928Z"}
{"level":"info","message":[{"availableFoods":["sadfasdf","asdfsadf","asdfasdf"],"description":"sfg gsadf gsdfgsdfg ","discoveries":[],"duration":"1 day","id":"69118556f5e2c062368a9590","images":["https://res.cloudinary.com/djcbn6fkv/image/upload/v1762763343/Travel-Truck-Vendor-Document/llnwjaeynrhexj0uivdc.jpg"],"itinerary":[{"_id":"69118556f5e2c062368a9591","activities":["asdf","asdfsaf"],"day":1,"title":"sdf"},{"_id":"69118556f5e2c062368a9592","activities":["sadfadsf","asdfsdf"],"day":2,"title":"asdfsda"}],"price":234234,"title":"dasf"}],"timestamp":"2025-11-11T17:31:39.978Z"}
{"level":"info","message":[{"availableFoods":["sadfasdf","asdfsadf","asdfasdf"],"description":"sfg gsadf gsdfgsdfg ","discoveries":[],"duration":"1 day","id":"69118556f5e2c062368a9590","images":["https://res.cloudinary.com/djcbn6fkv/image/upload/v1762763343/Travel-Truck-Vendor-Document/llnwjaeynrhexj0uivdc.jpg"],"itinerary":[{"_id":"69118556f5e2c062368a9591","activities":["asdf","asdfsaf"],"day":1,"title":"sdf"},{"_id":"69118556f5e2c062368a9592","activities":["sadfadsf","asdfsdf"],"day":2,"title":"asdfsda"}],"price":234234,"title":"dasf"}],"timestamp":"2025-11-11T17:31:40.076Z"}
{"level":"info","message":[{"availableFoods":["sadfasdf","asdfsadf","asdfasdf"],"description":"sfg gsadf gsdfgsdfg ","discoveries":[],"duration":"1 day","id":"69118556f5e2c062368a9590","images":["https://res.cloudinary.com/djcbn6fkv/image/upload/v1762763343/Travel-Truck-Vendor-Document/llnwjaeynrhexj0uivdc.jpg"],"itinerary":[{"_id":"69118556f5e2c062368a9591","activities":["asdf","asdfsaf"],"day":1,"title":"sdf"},{"_id":"69118556f5e2c062368a9592","activities":["sadfadsf","asdfsdf"],"day":2,"title":"asdfsda"}],"price":234234,"title":"dasf"}],"timestamp":"2025-11-11T17:31:43.857Z"}
{"level":"info","message":[{"availableFoods":["sadfasdf","asdfsadf","asdfasdf"],"description":"sfg gsadf gsdfgsdfg ","discoveries":[],"duration":"1 day","id":"69118556f5e2c062368a9590","images":["https://res.cloudinary.com/djcbn6fkv/image/upload/v1762763343/Travel-Truck-Vendor-Document/llnwjaeynrhexj0uivdc.jpg"],"itinerary":[{"_id":"69118556f5e2c062368a9591","activities":["asdf","asdfsaf"],"day":1,"title":"sdf"},{"_id":"69118556f5e2c062368a9592","activities":["sadfadsf","asdfsdf"],"day":2,"title":"asdfsda"}],"price":234234,"title":"dasf"}],"timestamp":"2025-11-11T17:31:43.931Z"}
{"level":"info","message":[{"availableFoods":["sadfasdf","asdfsadf","asdfasdf"],"description":"sfg gsadf gsdfgsdfg ","discoveries":[],"duration":"1 day","id":"69118556f5e2c062368a9590","images":["https://res.cloudinary.com/djcbn6fkv/image/upload/v1762763343/Travel-Truck-Vendor-Document/llnwjaeynrhexj0uivdc.jpg"],"itinerary":[{"_id":"69118556f5e2c062368a9591","activities":["asdf","asdfsaf"],"day":1,"title":"sdf"},{"_id":"69118556f5e2c062368a9592","activities":["sadfadsf","asdfsdf"],"day":2,"title":"asdfsda"}],"price":234234,"title":"dasf"}],"timestamp":"2025-11-11T17:31:47.113Z"}
{"level":"info","message":[{"availableFoods":["sadfasdf","asdfsadf","asdfasdf"],"description":"sfg gsadf gsdfgsdfg ","discoveries":[],"duration":"1 day","id":"69118556f5e2c062368a9590","images":["https://res.cloudinary.com/djcbn6fkv/image/upload/v1762763343/Travel-Truck-Vendor-Document/llnwjaeynrhexj0uivdc.jpg"],"itinerary":[{"_id":"69118556f5e2c062368a9591","activities":["asdf","asdfsaf"],"day":1,"title":"sdf"},{"_id":"69118556f5e2c062368a9592","activities":["sadfadsf","asdfsdf"],"day":2,"title":"asdfsda"}],"price":234234,"title":"dasf"}],"timestamp":"2025-11-11T17:31:47.215Z"}
